{"type": "FeatureCollection", "features": [{"type": "Feature", "properties": {"name": "Najjera", "source_field": "VILLAGE", "source_values": ["NAJJERA"], "shared_parish": false}, "geometry": {"type": "Polygon", "coordinates": [[[32.62616865791222, 0.390293958248582], [32.62935601538286, 0.3897791460765849], [32.63175685805596, 0.38990582986481903], [32.63218493940535, 0.38985945318605275], [32.632435480284414, 0.3895621184697623], [32.63241430615299, 0.3887034867524288], [32.63251229750296, 0.38774983794982004], [32.63284745656734, 0.3869876989903922], [32.6333246841347, 0.3864168005638589], [32.63354017151913, 0.38591664214513566], [32.633568794905884, 0.38431884485565715], [32.63361822013971, 0.38369892910153525], [32.633858205620285, 0.3829603553928262], [32.634453870817026, 0.38253290903723536], [32.63487133982773, 0.38211639654459945], [32.634752819109075, 0.3819495418349169], [32.63470657600654, 0.38152011350851023], [32.63490074825371, 0.38020901412646185], [32.63507310046773, 0.37825393842471855], [32.6351005639792, 0.3770377175731057], [32.63500893763248, 0.3758926874181692], [32.63469560712701, 0.3749163503712247], [32.63450108181479, 0.37480598574328744], [32.63345502021483, 0.3748027459518049], [32.631410646307785, 0.37472487688693534], [32.62967519527336, 0.37469565724026305], [32.62770055360321, 0.37514267560380765], [32.62619041851189, 0.37529301564601236], [32.62566658563796, 0.37555373553605215], [32.62454897455731, 0.37562182646522724], [32.62338324463859, 0.3758805540016966], [32.62247924530135, 0.376068542265311], [32.62174180187637, 0.3762093541162375], [32.62124167424619, 0.3764939952542441], [32.62088382909342, 0.3768983173968643], [32.62080785349489, 0.3770324669819996], [32.620370369325826, 0.3778049294043913], [32.6203579800912, 0.377826803956557], [32.619760653354874, 0.3788027575758285], [32.61943672139475, 0.37912572723858223], [32.61942680314737, 0.3791356162337946], [32.61935402697491, 0.37961236962874867], [32.619280119936214, 0.3800346889909158], [32.619233058669714, 0.3803036070164824], [32.619134197763074, 0.3815434553486037], [32.61897586068716, 0.38279502969115103], [32.61896690087693, 0.3828149158218939], [32.61866469575124, 0.3834856839118884], [32.61847297720742, 0.38398591732491044], [32.61846914802669, 0.3852499030671139], [32.61837136995691, 0.38613201351552645], [32.61796474247999, 0.3869416159657783], [32.6172814461729, 0.387265545828416], [32.61848342861502, 0.3883741603156469], [32.62012024237069, 0.389571675816209], [32.62177232667812, 0.39127715162684396], [32.62616865791222, 0.390293958248582]]]}}, {"type": "Feature", "properties": {"name": "Kyaliwajjala", "source_field": "VILLAGE", "source_values": ["KYALIWAJJALA A", "KYALIWAJJALA B"], "shared_parish": false}, "geometry": {"type": "Polygon", "coordinates": [[[32.64969533666528, 0.3622726143264864], [32.64838594396294, 0.3628647911172981], [32.64781370559153, 0.3634115464334681], [32.6471447001334, 0.3645065385887639], [32.64668707946627, 0.3657073755488103], [32.64594643668145, 0.3676509080306915], [32.645646911910305, 0.36842507447802575], [32.64519042674929, 0.36999769468234134], [32.644616667492194, 0.37104527619708716], [32.644328043733296, 0.37214144166875673], [32.64392164338685, 0.37287950969271416], [32.64356358368677, 0.37335538260767154], [32.64321802113243, 0.37362857218611895], [32.64288417042726, 0.3739614237881], [32.64251382030411, 0.3745684302821905], [32.64086789719949, 0.37637586896257746], [32.639914322747984, 0.37723147775525717], [32.63900749373284, 0.3783495809535874], [32.638244114628655, 0.37920578075670736], [32.6378853271118, 0.37992014340807306], [32.63717007556104, 0.3805857030393632], [32.636800014357306, 0.3810973071813765], [32.63594284328595, 0.38152393659254347], [32.635276222573076, 0.38183190781283627], [32.63487133982773, 0.38211639654459945], [32.636779482853704, 0.38394719877242306], [32.639399565691015, 0.38625673572834945], [32.642601653901515, 0.3887230956110795], [32.644940538343974, 0.3901781955901114], [32.64545218575436, 0.38951893359667716], [32.649103482920985, 0.38497507019454796], [32.65059359230122, 0.3829630033706993], [32.651371297780294, 0.38192941053515383], [32.65229395054725, 0.3795115811703562], [32.65244224018493, 0.37765181065563963], [32.65204458578122, 0.3755041666005434], [32.65203930641676, 0.37332196465818773], [32.65164606088613, 0.36971954254133016], [32.651381652327274, 0.3667495236757883], [32.650790909276786, 0.36555524183423194], [32.64994218543249, 0.36319156587273743], [32.64969533666528, 0.3622726143264864]]]}}, {"type": "Feature", "properties": {"name": "Naalya", "source_field": "VILLAGE", "source_values": ["NAALYA"], "shared_parish": false}, "geometry": {"type": "Polygon", "coordinates": [[[32.641651828898695, 0.3609002764436163], [32.641296437326254, 0.360493746627369], [32.6411775700312, 0.36049338089457117], [32.64079688789675, 0.3605875928495435], [32.64027364397483, 0.3606575264147128], [32.63998835045432, 0.36065664463460645], [32.63903745364633, 0.36062985033570394], [32.638324583725264, 0.36050840502440695], [32.637659988672155, 0.3601486185370731], [32.63715798693565, 0.36105332848281757], [32.63667974698492, 0.3619581134506696], [32.636581044919296, 0.3622104367008039], [32.63600128150646, 0.3631492826615055], [32.63539101975101, 0.3639478862090992], [32.635373614127154, 0.36397066354141283], [32.63521665968907, 0.3651079906059077], [32.63509891791592, 0.3660048763816239], [32.63529418351212, 0.36638402757396316], [32.63531334771883, 0.3665632418352547], [32.63518940788192, 0.3673433709753383], [32.63515538973653, 0.3677064729791775], [32.63506892740391, 0.36813489875688316], [32.635001820971716, 0.36888734136776546], [32.634935542566545, 0.36921432573444923], [32.63470949960917, 0.3703295140519768], [32.63464067673739, 0.3706186558117467], [32.634500666412144, 0.37102591616134273], [32.634496233963624, 0.3712254828318916], [32.63448484174389, 0.37173851623559584], [32.63447312806704, 0.3722659735168073], [32.63447822883753, 0.3723341395844501], [32.634587368516435, 0.3737926645542337], [32.63469560712701, 0.3749163503712247], [32.63500893763248, 0.3758926874181692], [32.6351005639792, 0.3770377175731057], [32.63507310046773, 0.37825393842471855], [32.63490074825371, 0.38020901412646185], [32.63470657600654, 0.38152011350851023], [32.634752819109075, 0.3819495418349169], [32.63487133982773, 0.38211639654459945], [32.635276222573076, 0.38183190781283627], [32.63594284328595, 0.38152393659254347], [32.636800014357306, 0.3810973071813765], [32.63717007556104, 0.3805857030393632], [32.6378853271118, 0.37992014340807306], [32.638244114628655, 0.37920578075670736], [32.63900749373284, 0.3783495809535874], [32.639914322747984, 0.37723147775525717], [32.64086789719949, 0.37637586896257746], [32.64251382030411, 0.3745684302821905], [32.64288417042726, 0.3739614237881], [32.64321802113243, 0.37362857218611895], [32.64356358368677, 0.37335538260767154], [32.64392164338685, 0.37287950969271416], [32.644328043733296, 0.37214144166875673], [32.644616667492194, 0.37104527619708716], [32.64519042674929, 0.36999769468234134], [32.645646911910305, 0.36842507447802575], [32.64594643668145, 0.3676509080306915], [32.64668707946627, 0.3657073755488103], [32.644260563776704, 0.36303090461243137], [32.64395280471331, 0.3626006675805765], [32.64288541832095, 0.36178650973111176], [32.641651828898695, 0.3609002764436163]]]}}, {"type": "Feature", "properties": {"name": "Kira", "source_field": "VILLAGE", "source_values": ["KIRA"], "shared_parish": false}, "geometry": {"type": "Polygon", "coordinates": [[[32.644940538343974, 0.3901781955901114], [32.642601653901515, 0.3887230956110795], [32.639399565691015, 0.38625673572834945], [32.636779482853704, 0.38394719877242306], [32.63487133982773, 0.38211639654459945], [32.634453870817026, 0.38253290903723536], [32.633858205620285, 0.3829603553928262], [32.63361822013971, 0.38369892910153525], [32.633568794905884, 0.38431884485565715], [32.63354017151913, 0.38591664214513566], [32.6333246841347, 0.3864168005638589], [32.63284745656734, 0.3869876989903922], [32.63251229750296, 0.38774983794982004], [32.63241430615299, 0.3887034867524288], [32.632435480284414, 0.3895621184697623], [32.63218493940535, 0.38985945318605275], [32.63175685805596, 0.38990582986481903], [32.62935601538286, 0.3897791460765849], [32.62616865791222, 0.390293958248582], [32.62177232667812, 0.39127715162684396], [32.62427963046436, 0.3938654553892691], [32.62482520811229, 0.39427258048804775], [32.625014246275455, 0.3946547481209449], [32.625155295644795, 0.3951798613124133], [32.62567630063865, 0.3958492469698375], [32.62797420699966, 0.4024744532830906], [32.62904043378628, 0.4036702028886523], [32.62909706449915, 0.40390045928524626], [32.63018058601129, 0.4040076222617077], [32.631986996718595, 0.40415631224252097], [32.63310360456121, 0.4044221093420989], [32.63429289508993, 0.40423500598820555], [32.63553105105221, 0.4036187668759197], [32.64158521256065, 0.4024569920953006], [32.64517956288412, 0.4010133219709355], [32.6457268131285, 0.40087192690063483], [32.6442200674472, 0.3999013731683836], [32.64151600807909, 0.39784199222861943], [32.6404241304763, 0.3972662337942999], [32.64032917330524, 0.3972182416110862], [32.640377160171, 0.3970752957425598], [32.640878513734904, 0.39638522235770723], [32.641284198725415, 0.3958856545496361], [32.64474132960332, 0.39265288756797223], [32.64587635899275, 0.39076040135979756], [32.644940538343974, 0.3901781955901114]]]}}, {"type": "Feature", "properties": {"name": "Kyanja", "source_field": "VILLAGE", "source_values": ["KYANJA"], "shared_parish": false}, "geometry": {"type": "Polygon", "coordinates": [[[32.59881374961395, 0.39685128719680984], [32.59915509406386, 0.3967475678206499], [32.59947711792776, 0.396604943927371], [32.59978626135377, 0.39645583530354], [32.60003744341424, 0.39627430706050093], [32.600333711984426, 0.3960214615966028], [32.6005848989858, 0.39575564665553276], [32.60081676505565, 0.3954574121765628], [32.60098422603444, 0.3952240107783887], [32.60102272752442, 0.3951797179162025], [32.60092949568508, 0.3949614215677401], [32.60086509504935, 0.3948965830981732], [32.60079425760289, 0.39476690717231716], [32.60066545443307, 0.394695582398295], [32.60027903972115, 0.3945529238642541], [32.600130916863705, 0.39444269640876156], [32.600050416621144, 0.39435516334670645], [32.599908731789974, 0.3943032874588858], [32.59976704789788, 0.39423196115363446], [32.599625367164066, 0.3940763482025009], [32.59948368546344, 0.39395963699130837], [32.59931624418322, 0.39378457056491006], [32.59926472774664, 0.39364841333546347], [32.59918101173013, 0.39349280231411377], [32.59894916331154, 0.39338905396398177], [32.59876240200967, 0.3932010211733378], [32.59873664332722, 0.393142666865608], [32.598582082124246, 0.3930194709659583], [32.59850802152235, 0.3929384232121648], [32.598289060116734, 0.39270500305740275], [32.59789621688208, 0.39234838607862044], [32.59781249878463, 0.392199259156461], [32.59761286610497, 0.3918361684417435], [32.597501408996585, 0.3916214901456444], [32.597464751752845, 0.3915508827976737], [32.597361713313354, 0.39139527177799943], [32.59722646974293, 0.391317461741805], [32.596962421251895, 0.39120722778240746], [32.59689479993926, 0.39115859801182784], [32.59665007648507, 0.3909575943044096], [32.59646975177797, 0.39084088125665234], [32.5961348616024, 0.39069174212551694], [32.5959223342796, 0.3906009610857306], [32.595761331739915, 0.39049073305480264], [32.59566472702698, 0.39046479386536276], [32.595432879696915, 0.39036104464313737], [32.595201034212934, 0.3902378450144856], [32.595033590608885, 0.39011464852898403], [32.59489834929254, 0.38999145452123035], [32.594782428629905, 0.3898682596486824], [32.5946729537416, 0.3896607794021734], [32.59458923754725, 0.3894922030344486], [32.59447975212896, 0.38946626321879346], [32.59419638131512, 0.38937547873050726], [32.59392589433135, 0.3892393099913027], [32.593642527609354, 0.3890642398189524], [32.59362158889343, 0.38903635014594373], [32.5935965262183, 0.38945450135576504], [32.59355614556381, 0.38996598913456354], [32.59355600708272, 0.3899677469830834], [32.59352171764843, 0.39046008773128027], [32.593508196710985, 0.3909315216012915], [32.593501513311814, 0.39117148616188313], [32.59350501677214, 0.3913482724740801], [32.59350716474559, 0.39145667878237933], [32.59350833358093, 0.39148228580639266], [32.59351128310606, 0.3915179415533862], [32.59352476777728, 0.3918137649248392], [32.593539291780964, 0.3920813658594257], [32.59355338995516, 0.392271873555503], [32.59357151894871, 0.39249405632045264], [32.59357563071006, 0.39267241505370337], [32.59357934878001, 0.3928336837591391], [32.5935953147598, 0.39305350693037483], [32.59363476402593, 0.39321866856566184], [32.5937502640941, 0.3935074411321625], [32.59386706524047, 0.39376354733432545], [32.59393714593284, 0.39392818847163535], [32.59404226345731, 0.39421957334973584], [32.59413569671784, 0.39455930365611697], [32.59417279382061, 0.39469410124630405], [32.594196867036665, 0.39477893818667675], [32.594208999786396, 0.39482169728584515], [32.59421905760055, 0.3948622035495499], [32.59422523760534, 0.3948846615215667], [32.594308289203866, 0.3952087117629482], [32.59431506429362, 0.39526466039438873], [32.59433778058103, 0.3953663249138935], [32.59444725908476, 0.3955349044241689], [32.59460825717336, 0.3957359032274142], [32.59477247913843, 0.39587530849276764], [32.59500648871063, 0.396071645321186], [32.59504296362979, 0.3961022472052566], [32.595274806329826, 0.3962838000308818], [32.595622574101974, 0.39651722665356637], [32.59590594039467, 0.3967052643012131], [32.5961506698517, 0.39678307985439715], [32.59648556617308, 0.39680902999634576], [32.596820463774584, 0.396809046548716], [32.597142482173325, 0.3967960952096652], [32.5975192436934, 0.3967799049723468], [32.59783482034863, 0.39678640460288717], [32.59812463457468, 0.3968123533660131], [32.598337164588365, 0.3968512646560197], [32.59862053828129, 0.39689017942792104], [32.59881374961395, 0.39685128719680984]]]}}, {"type": "Feature", "properties": {"name": "Ntinda", "source_field": "PARISH", "source_values": ["NTINDA"], "shared_parish": false}, "geometry": {"type": "Polygon", "coordinates": [[[32.616270011852734, 0.3426916807614766], [32.61607284520812, 0.34296557143083756], [32.61586628190801, 0.3432866859849776], [32.615753586118196, 0.3435605827806266], [32.61565030400238, 0.34372114004330634], [32.61549536992699, 0.34400920020997966], [32.615311797535234, 0.34437008146135345], [32.615288785151385, 0.34441532076170445], [32.61506339908258, 0.3449347777041209], [32.61469716287753, 0.34571868495683983], [32.614537522017386, 0.34605869263454797], [32.614307488676126, 0.3464034181887667], [32.61412908678801, 0.34670564509233726], [32.61407275479275, 0.3467812017827256], [32.61394826433047, 0.3468201681023092], [32.61395308722698, 0.34689325835580154], [32.61391302341032, 0.34689358058495035], [32.61391320143162, 0.34715543474721683], [32.6139260433169, 0.34751121958048353], [32.61381363203203, 0.34745978372378733], [32.6136883028383, 0.3476806219772128], [32.613425459364265, 0.3482081734222815], [32.61328272209301, 0.34844653795148184], [32.613032062822526, 0.3488636749117329], [32.61275529057108, 0.34902318435925755], [32.61257077703314, 0.349163407332573], [32.61241411492723, 0.34941929825078005], [32.61216345438493, 0.3496261243837954], [32.61182227632786, 0.3498189372023047], [32.61152635656694, 0.34989958183734693], [32.61122695490964, 0.34999074089622273], [32.61104769927011, 0.3500064428080237], [32.61100424003294, 0.35001228090756525], [32.610952089039685, 0.35005604153404857], [32.6108991231896, 0.35007236305733136], [32.610803073073626, 0.3501323958270214], [32.61073501918865, 0.3501749298932385], [32.61024553749176, 0.35055954472546397], [32.60990601188431, 0.3508216540140735], [32.60955693128235, 0.3509398473319982], [32.609249596494195, 0.35104390624490306], [32.60872333327718, 0.3515909000388869], [32.60828364487783, 0.3521546255795445], [32.60839762199474, 0.3521961242243892], [32.60856545607052, 0.3522304345001195], [32.608964059833426, 0.35224360330057086], [32.609342995960425, 0.35226073389464213], [32.60945838183077, 0.35226864419035947], [32.609683907596725, 0.35233727360275313], [32.609972371168354, 0.3524481431558696], [32.61031747955923, 0.35259121840218427], [32.61069720212633, 0.3527580529029692], [32.611054898086444, 0.35294918075154064], [32.611075877838104, 0.3529660771741534], [32.611757703304384, 0.35341592806666194], [32.61215525903568, 0.35367464337294174], [32.612167657672536, 0.3536837335605172], [32.61254127749413, 0.35395765067507134], [32.61295561768305, 0.3542417131788741], [32.613326949185854, 0.35443811973328615], [32.613523759066766, 0.35454471515964864], [32.61369933104683, 0.3546398080558332], [32.6138765972632, 0.35470793873108597], [32.613938441840936, 0.3547186848301629], [32.61416716371175, 0.3548035087546548], [32.61445608180714, 0.3548822790662905], [32.61460053798171, 0.35493680868556354], [32.61493158883293, 0.3550337555785028], [32.61513181657715, 0.3550938687344884], [32.61527467810537, 0.35513676003802225], [32.61551543023511, 0.3552518733946819], [32.61582235697105, 0.3555244912786764], [32.615942740474026, 0.35555478800842166], [32.616340020667124, 0.35559721959035184], [32.61679447542799, 0.3556850883309539], [32.617054819804856, 0.35571002237070065], [32.617073429559845, 0.3557537489135732], [32.617166520130596, 0.35580997270049436], [32.61742098574633, 0.35589119240112593], [32.61764131440904, 0.35596928668400646], [32.617771651381524, 0.3560067735882169], [32.61788958459224, 0.35600678216592113], [32.61812543610641, 0.35606301557171893], [32.6183674968393, 0.35611300218030695], [32.61851645117568, 0.3561629830666986], [32.61870885996299, 0.3561942282296732], [32.618796226699246, 0.3562118195509252], [32.618834956354554, 0.35611719796547736], [32.6189502387935, 0.3558273629522078], [32.61904981146593, 0.35553752636727837], [32.619269835838494, 0.35521607774227226], [32.61970966870913, 0.3554058247694173], [32.62022542505586, 0.3556245593149003], [32.62066001962351, 0.3558143052146082], [32.62124645958481, 0.35607783875942267], [32.622524064526004, 0.3566418026738756], [32.62309702719399, 0.3569066112993959], [32.62309707095599, 0.35673795972292865], [32.62311580124055, 0.3563194555359833], [32.623218443233924, 0.3554480951036254], [32.62330545062528, 0.355023349384955], [32.62344213536421, 0.35452365004980696], [32.623519861117124, 0.3539895917066809], [32.62351998464363, 0.3535148695297465], [32.6235511057439, 0.3531838146928047], [32.623551802586164, 0.35317472957093177], [32.62359781663162, 0.35257479758864113], [32.623597888214206, 0.35229371160987905], [32.62360424005178, 0.3517377869649194], [32.623604286905305, 0.35155664306930123], [32.62362912422368, 0.351519166255589], [32.62374088204989, 0.3514004938948879], [32.62380299863723, 0.35121935253137637], [32.62383098259356, 0.3510163482317755], [32.623831016632366, 0.3508851744696856], [32.62393658008278, 0.35071653079863263], [32.62396765013564, 0.350579113049911], [32.62396146946632, 0.3504791707091611], [32.62404838291271, 0.3504167127048277], [32.624085634530154, 0.3503792372947978], [32.62409186816465, 0.35027929636285343], [32.62418497277427, 0.3502793028657699], [32.62422843359242, 0.3502355815520306], [32.62420361981531, 0.35017936243745507], [32.62401745651335, 0.3499982055285202], [32.623911964079966, 0.34989825643450573], [32.62396163869274, 0.3498233036975272], [32.624092027776676, 0.34966090717238596], [32.62409828058218, 0.3494860087678355], [32.624154161193104, 0.34941730333700716], [32.6241510826127, 0.3493204841980475], [32.624225581484524, 0.3492642718298566], [32.62426287029431, 0.3490831303353125], [32.624269111451106, 0.3489519577226408], [32.62426913586672, 0.34885826269028747], [32.62432503449193, 0.34872084593363734], [32.624312675400546, 0.3485084689374428], [32.62436234475179, 0.3484522555553324], [32.62443684361173, 0.34839604317654327], [32.624467914513794, 0.3482586254095343], [32.624585884899226, 0.3481149668068755], [32.62464800023931, 0.3479400733600382], [32.62466668761142, 0.34768397452547556], [32.62472884010588, 0.3473654140825133], [32.62475993971676, 0.34711556189869724], [32.62459237779253, 0.34700936237569846], [32.624552060361864, 0.3469000494236645], [32.6245473938759, 0.346891591051923], [32.62449001937227, 0.3467876098065006], [32.62434731045467, 0.3465877171590056], [32.624266641628914, 0.3465002632236822], [32.6241301430606, 0.3462878776186738], [32.624035860355335, 0.3461739945951704], [32.62405258886168, 0.34615982199818285], [32.624108479002004, 0.3460536387148194], [32.62427927769231, 0.34564451340466396], [32.62436001990494, 0.34544463517152546], [32.62440351895972, 0.3452510015958271], [32.624459419550405, 0.3451073386576941], [32.62445947262998, 0.3449012092190379], [32.62448437344093, 0.34462012510754386], [32.62444722162709, 0.34427032628772986], [32.62448761535711, 0.3440860618117032], [32.624500043801106, 0.34402359895050716], [32.62456837460295, 0.34381747404479107], [32.62458061245719, 0.3435055132951514], [32.624580871535365, 0.3434989106927557], [32.62456545483281, 0.3431085118280141], [32.62456549830343, 0.34293986021988665], [32.6245593621549, 0.34266502011420025], [32.62455946386126, 0.34227149969526005], [32.62451604657537, 0.3421465703498997], [32.624509901747054, 0.3419092080794736], [32.6245285414049, 0.34183425315156296], [32.624683793854594, 0.34153443844378417], [32.624801772700174, 0.3413533019075933], [32.62484525890445, 0.3412096384434538], [32.62495701761276, 0.3410847179526992], [32.62506259055266, 0.34087234923004733], [32.62516196131592, 0.34064748704080144], [32.625298522488116, 0.3406162643677233], [32.62541025686566, 0.340585039807791], [32.62557166980521, 0.34046636921625295], [32.62570824142267, 0.34039766959909423], [32.626035962935575, 0.3402384969017866], [32.62620490539392, 0.34001613984695955], [32.62626926671441, 0.3398767175678732], [32.62629897967738, 0.3397821099157086], [32.6263485190196, 0.3395530559766232], [32.62639309843801, 0.3393737982892468], [32.626450718197205, 0.3391099845845724], [32.62645288438719, 0.33910006536795856], [32.62645038428706, 0.33882051268424546], [32.62644955959927, 0.33860329677792744], [32.62644747692747, 0.338055334001524], [32.62623645723635, 0.3379866099006242], [32.62555996203379, 0.3377242186813962], [32.62457934914708, 0.33736811236705233], [32.62409524889251, 0.33719318297520134], [32.62341875712566, 0.336918298518219], [32.62303396132116, 0.33676836124846166], [32.622692616690216, 0.3366121795294277], [32.622431950427845, 0.3365059747304439], [32.62203165918323, 0.3362779563149224], [32.6220017854294, 0.33625540330749193], [32.62170895830858, 0.3360343273811836], [32.62138005349355, 0.3357782059056696], [32.621094599835295, 0.3355158399940926], [32.620827757178404, 0.3352909535457029], [32.62048849097788, 0.33500481686412875], [32.6204833435417, 0.3350004758394778], [32.62025373536287, 0.3348068243429881], [32.62011100244611, 0.3346943798574729], [32.620042738418626, 0.3346444043413286], [32.619884485703025, 0.3345475764362363], [32.61971547044444, 0.3343820323007409], [32.619654885055006, 0.33432269238499196], [32.61890402948454, 0.33358557270365047], [32.61866571176698, 0.3333602133625424], [32.618402856373905, 0.3336057661263223], [32.617999210961, 0.33387964355254474], [32.617586180687624, 0.3341535196604311], [32.617323332653946, 0.3343707366778352], [32.61730259284765, 0.33437629985210215], [32.61680235398356, 0.334705998742488], [32.61635176984934, 0.33502709751612814], [32.616060740162865, 0.33533876189220013], [32.61586356088799, 0.33566932313191183], [32.61576023980317, 0.3359809994710492], [32.61576946871877, 0.3365854784624938], [32.61569429091066, 0.33695382631985005], [32.61560037991456, 0.337171054444869], [32.61555339150971, 0.3374071757877726], [32.61560957908475, 0.33788887242869986], [32.61566582161064, 0.33816277969531555], [32.61580172146954, 0.3388947733281358], [32.61592352239345, 0.3397070480600175], [32.61601720835806, 0.3403587574764795], [32.61610954017944, 0.3406453322310926], [32.61624696636977, 0.34107186724195493], [32.61672065512514, 0.3421439025597021], [32.616589241142705, 0.3422100083403978], [32.61642963239236, 0.3424272319607793], [32.616270011852734, 0.3426916807614766]]]}}, {"type": "Feature", "properties": {"name": "Bukoto", "source_field": "PARISH", "source_values": ["BUKOTO I", "BUKOTO II"], "shared_parish": false}, "geometry": {"type": "Polygon", "coordinates": [[[32.59749889852821, 0.34677953065118466], [32.59722845289685, 0.3466107439741106], [32.5969688221088, 0.3464582914445222], [32.596747054406244, 0.34632217241944857], [32.596590198230196, 0.3462187244568225], [32.596341385462814, 0.3460717169598667], [32.59603848414163, 0.34588659521967896], [32.5958653970679, 0.34578314565678975], [32.595757218577674, 0.3457178080930608], [32.595613877188704, 0.3456443030779905], [32.59545702218047, 0.34553541056591786], [32.59526770939827, 0.3454156266321228], [32.59505135154827, 0.3452849533202258], [32.59487826653945, 0.34517605830228903], [32.59471058951348, 0.345072608981907], [32.59458077621479, 0.3449909386251886], [32.59447259798559, 0.34492015741491056], [32.594375242931115, 0.3448384893680008], [32.59421297479752, 0.34474048393853585], [32.594144843870346, 0.3446961075793598], [32.59395783852913, 0.34485935387379657], [32.593867527338396, 0.34494453041148115], [32.593777227973625, 0.34498427502321655], [32.59372077832939, 0.3450580961734291], [32.59366998099102, 0.34509784430353485], [32.593568390880016, 0.3451546259574305], [32.59346679416123, 0.3452398010895188], [32.593382125725526, 0.3453249778578686], [32.59330875235923, 0.3453760818519225], [32.593246663130024, 0.34543854499326726], [32.59317329090477, 0.34548397010745235], [32.59306605917104, 0.3455350726254508], [32.59300962021006, 0.3455691416236235], [32.592902236678746, 0.3456393634080325], [32.59289674024663, 0.3456429575894202], [32.59281207613016, 0.3457110986171187], [32.59274999236572, 0.34575084624236607], [32.59267661785318, 0.34580762910003143], [32.59257502022515, 0.3458928051093008], [32.592512942828094, 0.34590983722478846], [32.59245650819254, 0.345926868680802], [32.59236055650861, 0.3460006871772634], [32.59225332158752, 0.3460631465215184], [32.59216301878852, 0.34611992863021673], [32.59212914972599, 0.3461596783808952], [32.59207835670825, 0.3461823898591491], [32.592033203266276, 0.3462164602400057], [32.59197675703245, 0.3462732438220203], [32.59187235222968, 0.34631014878915406], [32.59179333405199, 0.34636693138188396], [32.591697381218715, 0.3464464287359128], [32.59156757320734, 0.3465145659496405], [32.59147726517549, 0.346588383763949], [32.591420916164, 0.34662042709258484], [32.59134745601893, 0.3466621998460079], [32.59122328757981, 0.34674169414181816], [32.591087829286515, 0.3468382254696141], [32.59100881314685, 0.3468893291695439], [32.590860252802784, 0.3469722865246532], [32.590533357446816, 0.34717665196499325], [32.590361307454245, 0.3472840291504779], [32.59015484476184, 0.3474295094572803], [32.58998967694458, 0.34753342369233], [32.58992429751011, 0.34757845283149147], [32.58989332852584, 0.347595772170199], [32.5898554788633, 0.347602697878865], [32.58977289721366, 0.34760269423921747], [32.58967310959449, 0.3476026898402679], [32.589561183814865, 0.34761878243741995], [32.589552677833126, 0.3476200052322966], [32.58911740068787, 0.34764250338913455], [32.588952237555084, 0.34763903195496026], [32.58868728636552, 0.3476459485283958], [32.588134590510464, 0.3476299025490805], [32.587807704102694, 0.3476298880762526], [32.587493719698344, 0.3476558547584325], [32.58724855211663, 0.3476991442735665], [32.58713672062346, 0.3477381097496647], [32.58709748330077, 0.34776833622094727], [32.587349513806764, 0.3479766001818305], [32.58752070470991, 0.34809389998101575], [32.5876395871636, 0.34819922812980003], [32.58779651277314, 0.34831173956722505], [32.58793679503297, 0.34840270637631965], [32.58824232310191, 0.34864089425024797], [32.588477710732555, 0.3488180399500654], [32.58865841238142, 0.34895448930748796], [32.58880463901464, 0.34905383492126296], [32.58889974706078, 0.34909931898559415], [32.58928544054378, 0.3495172639497956], [32.58947861027224, 0.35002593662518594], [32.58975258926141, 0.35041679594545566], [32.58991047836503, 0.3505897874324753], [32.590045128709086, 0.3511928958766195], [32.590170493845335, 0.35171652591501806], [32.590258714433446, 0.3520905475792246], [32.59031443027461, 0.3523570383001625], [32.590318607498915, 0.35241383990108], [32.59033299561296, 0.35260950071672387], [32.590451378479486, 0.3535094859968403], [32.590488503023145, 0.35413129234976143], [32.590560457965736, 0.354760112691426], [32.59055579041514, 0.3552837369653087], [32.59043270234546, 0.3558003443904957], [32.59014474409188, 0.35645018575874343], [32.59008666684882, 0.35704627408150236], [32.590086654951406, 0.35731276140363477], [32.59010641412531, 0.3574322412251249], [32.590953972190356, 0.3575951159035794], [32.591529792323264, 0.35775797736463805], [32.59193092595266, 0.3578556971080425], [32.59241810228549, 0.35813253919506144], [32.59253715250146, 0.35808564882494304], [32.59326696432556, 0.3580804705623504], [32.594538699229, 0.35814462023158183], [32.59499832518482, 0.35815714577758445], [32.59503841575972, 0.3581604334891672], [32.59599003743844, 0.3582384776703649], [32.596778440068796, 0.3582818658100858], [32.597151108184576, 0.3583469131667131], [32.59723061114962, 0.35834691671317903], [32.59736046555223, 0.3583549255901767], [32.597426718004684, 0.35836560053181493], [32.597485020126115, 0.35837093912485257], [32.59754332236535, 0.3583736097206391], [32.59764667500222, 0.3583789503206864], [32.59772617887106, 0.3583789538631435], [32.59781098221985, 0.35837895764095823], [32.59787193429887, 0.35838963053459316], [32.59791698399426, 0.35840830852043504], [32.59799383732543, 0.3584163150293838], [32.59804948902814, 0.3584269894957412], [32.59808923990993, 0.3584510023349683], [32.59816344180388, 0.3584670136211909], [32.59821511806819, 0.3584710174648168], [32.59835822261472, 0.3584977029007734], [32.59841387420363, 0.35851104536314077], [32.59848807715542, 0.3585030446725448], [32.59849337495746, 0.3585617390386593], [32.598538426376464, 0.3585617410428924], [32.598686833650454, 0.35853506857500517], [32.598790187436975, 0.35853507317008676], [32.59890149190976, 0.3585324101199274], [32.59905254742699, 0.3585297488343216], [32.59922215462353, 0.3585190843773747], [32.59928310811789, 0.3584977440082644], [32.59928839926195, 0.3587085088101926], [32.59930136550329, 0.3591553840448838], [32.59936708742414, 0.3591532527504373], [32.59944764948648, 0.3591639274179591], [32.59955153403171, 0.35917246980920986], [32.59964269576932, 0.35918741428560935], [32.59970629787111, 0.3592023575368666], [32.599763540244425, 0.35921303116621867], [32.59984198243296, 0.35922157242462643], [32.599935265232624, 0.35923224765416933], [32.60005822996599, 0.3592514628794593], [32.60017059304332, 0.3592706758236127], [32.600219353640995, 0.35928348419667094], [32.60029143625605, 0.3593048304740727], [32.600299681481005, 0.35930734594140434], [32.60036139800107, 0.35932617665714006], [32.600454680772465, 0.3593581958664432], [32.60052252108793, 0.3593923481641274], [32.60056068117288, 0.35942009649286594], [32.600620042498974, 0.35945424841456675], [32.600650441889535, 0.35947617004894283], [32.600701576726394, 0.35953146564826366], [32.60075839346345, 0.3595962953633977], [32.60078679894974, 0.35965349799438534], [32.6008227822241, 0.35970688759751135], [32.60086255316019, 0.35976599605861964], [32.60093262578603, 0.35988230814132616], [32.60098849254561, 0.3599900383938549], [32.60103015813869, 0.3600434273464804], [32.601096443458914, 0.36012541807880954], [32.601140001577456, 0.3601807142509746], [32.60121196980157, 0.3602493589132403], [32.60125363449793, 0.36030274786755234], [32.60129908792212, 0.36035804412509925], [32.601346434352415, 0.36042478056106225], [32.60141366700513, 0.36050391154200573], [32.601443445024366, 0.360534801570712], [32.6014761642714, 0.3605687415172052], [32.60155002533947, 0.36065263972606076], [32.60161062974867, 0.36072319011797754], [32.60166555184031, 0.3607937393534712], [32.60175266848555, 0.3609157727066362], [32.60180096157989, 0.3609949028511535], [32.60185209567715, 0.3610673590554249], [32.601899441527635, 0.36114744182185443], [32.60193921105086, 0.3612389652518217], [32.601971405918505, 0.3613037938864942], [32.601997919052515, 0.36135527594401573], [32.60202821901265, 0.36143154549481576], [32.60204999680026, 0.3615087682346208], [32.602048098379385, 0.36160028890984275], [32.60203483669799, 0.36170134294438056], [32.60202725612293, 0.36178905090627594], [32.602029147013, 0.36186913165486084], [32.60203482665298, 0.36193014665193235], [32.60205092004664, 0.3620340626949081], [32.602066069248465, 0.3621103306691233], [32.60207742988906, 0.36218087887972017], [32.60209826003124, 0.3622476141472804], [32.602120984891364, 0.36232769672944176], [32.60215128493119, 0.36240205824487415], [32.60217684889011, 0.36249834798192276], [32.60221661723463, 0.36261656497549105], [32.60224312860539, 0.362708086918781], [32.60226585222971, 0.362795796233304], [32.60227351896501, 0.36283343172914], [32.602283156540416, 0.3628700078940607], [32.602297582353586, 0.36292475633696286], [32.6023160339648, 0.3629855140630481], [32.602327914442945, 0.36302638590544967], [32.602358265432734, 0.36310695013888], [32.60239296999279, 0.3631990686563068], [32.602395795865476, 0.36320950193229534], [32.60241450879177, 0.3632543629596758], [32.602431400063935, 0.3633409528867662], [32.60243533806635, 0.3633611390182598], [32.60243553934384, 0.3633617216623997], [32.60244242321357, 0.36338164736808576], [32.602464678752554, 0.36344607025799514], [32.602465637516154, 0.36344884867432903], [32.60249688636972, 0.36350700320990326], [32.602531740627576, 0.36356695285734486], [32.60254233789635, 0.363585180582902], [32.60259347076147, 0.36366526353580303], [32.602654074088846, 0.3637606003733692], [32.60270292187996, 0.36383489487197096], [32.60274308456125, 0.36389598017342434], [32.60280274056079, 0.3639941776735817], [32.602865237230176, 0.3640933288692029], [32.60291447717858, 0.36416006541546553], [32.60296371628686, 0.3642458678844777], [32.60304325826724, 0.364362180441366], [32.603097234108134, 0.3644317779039813], [32.60317298870655, 0.36451567533028734], [32.60323927514527, 0.36457287877561834], [32.60332828949572, 0.3646205502756212], [32.6034116222563, 0.36467203488745853], [32.60344760663832, 0.3647006371899561], [32.60351199808568, 0.3647711868793609], [32.60361332057428, 0.36488273348422845], [32.603670136923725, 0.3649570980118413], [32.60371558913353, 0.36502002012552537], [32.60376104274693, 0.36507150304714403], [32.60381217736425, 0.36513251918514816], [32.60386520459185, 0.3651935363129226], [32.60392770278894, 0.36525836632562914], [32.60400914137977, 0.3653251043208546], [32.604061223834215, 0.3653718206072401], [32.60408963149139, 0.36540042257371186], [32.60414881607671, 0.36542902591598386], [32.6042435126634, 0.3654790806897503], [32.60436425143477, 0.36554105350935373], [32.60449445812576, 0.36561494363428565], [32.604572582564565, 0.3656578477197675], [32.60463176805438, 0.3656864510623826], [32.604700423306134, 0.36570552096017306], [32.60476907782351, 0.36574127376948734], [32.604835365814715, 0.36578417823125137], [32.60490757132104, 0.36583304049412835], [32.604972674650185, 0.36588071093275576], [32.60503777642523, 0.365943277475245], [32.6050851234669, 0.3659969046583486], [32.60510583699363, 0.3660386146739599], [32.60513838721535, 0.3660952213222719], [32.60514726339069, 0.36613693080949977], [32.60513520402074, 0.36617874159411257], [32.60514177862591, 0.3661607046195664], [32.60515732541492, 0.36622854252391923], [32.60535302705022, 0.36655928277722555], [32.60548582703097, 0.36674224526347915], [32.605597660769114, 0.36682669258380995], [32.60571998075333, 0.36687947450269115], [32.60644692963024, 0.36683024893789995], [32.60716688841177, 0.36674583868610167], [32.60748714756395, 0.3667273234991076], [32.607775007589346, 0.36671068142572233], [32.60823633950039, 0.3666825544666785], [32.609085610794985, 0.36661574192250146], [32.60957490267953, 0.3665805801630034], [32.609994295248924, 0.3665735618357313], [32.61020399169457, 0.3665665333276456], [32.610651343920956, 0.36653840560904627], [32.610829582915976, 0.3665982259107364], [32.611018306004894, 0.3666756397398621], [32.61120702665324, 0.36680934758251243], [32.61148660963937, 0.3670697220970242], [32.61183608647492, 0.3674497273156794], [32.612045774402226, 0.36766084071143124], [32.61225546329584, 0.36780862322584085], [32.61237428801345, 0.36787196025350744], [32.61256999678825, 0.3680478887144646], [32.61280065203671, 0.3682941882852872], [32.61301383729453, 0.36841030506599115], [32.61322352925348, 0.3685299401268073], [32.61340525825425, 0.3687058697954731], [32.613586983305794, 0.3689521663266486], [32.61383860494325, 0.36929698117762566], [32.6139574245217, 0.3694588343563259], [32.61411818564829, 0.3696136516143149], [32.61429292171875, 0.3698599478626801], [32.61440474587124, 0.3701695731514971], [32.61442919753059, 0.37046864019473447], [32.61435928526811, 0.37077122060045253], [32.61431733444356, 0.37105269163461974], [32.61433130105492, 0.3713552766469755], [32.6143941967344, 0.3716437891870671], [32.61454096975662, 0.37198859948249746], [32.61471220638556, 0.37235804081331114], [32.614942855301, 0.3727310032240317], [32.61505468434526, 0.3729280395816433], [32.61508264059945, 0.37300544546520137], [32.61531329196863, 0.37334322355863253], [32.61550200819447, 0.37358248455022586], [32.615690725994604, 0.3737654496953484], [32.61583401410026, 0.3738815643855732], [32.61600176430956, 0.37403638203630424], [32.61613456249883, 0.3742474930901398], [32.61623241110239, 0.3744797132038543], [32.61636521237971, 0.37462045467123734], [32.616679746805055, 0.3748456475449009], [32.61682652697245, 0.37502861085574624], [32.6169103969958, 0.3752326837950493], [32.6169278602143, 0.37549656536898246], [32.616885909309694, 0.3757569267717261], [32.616843952522494, 0.37615098688178844], [32.61689985390129, 0.3765591259927002], [32.61690334375252, 0.37667523359043015], [32.61695226297145, 0.3768863409527975], [32.61694199799482, 0.3769947994811234], [32.616938276637185, 0.3770341136845662], [32.61698021179156, 0.3771326317294288], [32.61717592202004, 0.37728041291527614], [32.617343671943345, 0.3774633781100674], [32.61749045807125, 0.3774704215283177], [32.61759530309648, 0.3775548686449739], [32.61778113549969, 0.3775910863240305], [32.61798110649627, 0.37777741669149917], [32.61817430573274, 0.3780302858094401], [32.61831598881774, 0.3781275471427993], [32.618438354651154, 0.3781470030583242], [32.61856071164754, 0.3783674512925481], [32.618715265513536, 0.37869163826939245], [32.618811870753085, 0.37871109303942213], [32.61895356269967, 0.378607362051652], [32.61901153019913, 0.37850362642414265], [32.61911457935652, 0.37843231144565354], [32.61912101956852, 0.37842582764181176], [32.61924982534598, 0.3784452847432673], [32.61938507256598, 0.37847122531612154], [32.61946235590351, 0.3784777119409549], [32.6196158433246, 0.3784484467209546], [32.61956861606203, 0.3786106310327939], [32.61943672139475, 0.37912572723858223], [32.619760653354874, 0.3788027575758285], [32.6203579800912, 0.377826803956557], [32.620370369325826, 0.3778049294043913], [32.62080785349489, 0.3770324669819996], [32.620741045563335, 0.37703707083951316], [32.62031794574894, 0.37706622647982563], [32.619709765781366, 0.3769955331912989], [32.619926464307866, 0.3767211056827422], [32.620150169615506, 0.3760385434962684], [32.620031360016924, 0.3756022539924114], [32.61984964235035, 0.37518003637589414], [32.61958055091141, 0.37473318587432275], [32.61958057291262, 0.37422653291959745], [32.61954564102378, 0.37383950615306066], [32.61946178918233, 0.3732132236055084], [32.61947579520154, 0.3725869462604588], [32.619475818905705, 0.37203807298509606], [32.619433898245084, 0.3716017878236745], [32.61940594829864, 0.37137660851989457], [32.61930810891903, 0.3709262462772281], [32.619308112250664, 0.37084884159503234], [32.619315114574626, 0.37056033107129305], [32.619280169856104, 0.37044774050842905], [32.61932910286907, 0.37036330108637744], [32.61930813525056, 0.3703140420721223], [32.61932211991191, 0.37020145273612987], [32.61922426779945, 0.3700466391116843], [32.61936406935439, 0.36996923960905076], [32.61972755926139, 0.3695681555274255], [32.61980445552118, 0.36939927484338564], [32.619881351775476, 0.3692303932508718], [32.61993727317832, 0.3691600287642619], [32.62001766242879, 0.36901577636962], [32.62002465564856, 0.36893837107885413], [32.62003863847807, 0.3688680038675151], [32.62008058155285, 0.36878356412196617], [32.62010155459222, 0.3687061594353932], [32.62012951513836, 0.36868505002867846], [32.620129516940914, 0.3686428287952632], [32.62013651075683, 0.36855135066329997], [32.62021340158267, 0.3684880221380795], [32.620290289704634, 0.36850913607948615], [32.62030427252837, 0.36843876796007474], [32.62030427792931, 0.36831210606667664], [32.620353211205796, 0.3682206288392554], [32.6205000005383, 0.3681502664526679], [32.620569901447176, 0.36810804823417], [32.62063980624926, 0.36797435157458125], [32.62071020060889, 0.36790915813846126], [32.620814560011546, 0.36781251194015463], [32.62082854222699, 0.36775621756004895], [32.62091941106776, 0.36771400114190844], [32.62094737280505, 0.36766474423568013], [32.62098232355612, 0.36763659824877], [32.62101029037238, 0.36746771540601764], [32.621045243810286, 0.36737623846561557], [32.621024276168214, 0.3673269794527026], [32.62104175288631, 0.3672812405298511], [32.621062726201316, 0.3671967989554926], [32.62096487580896, 0.3669997641150323], [32.62086003461578, 0.3668449493100009], [32.62094391771213, 0.3667253260746251], [32.621034796978336, 0.3664790412316915], [32.6209998569597, 0.36625386070156485], [32.62104179939149, 0.36616238315117133], [32.62120257297453, 0.3660286912624345], [32.621279467039535, 0.36590906771169407], [32.62132840174449, 0.3657401857534634], [32.62136335426448, 0.36566981942098686], [32.62142626612588, 0.3656064902521842], [32.62144024980511, 0.3655150114966613], [32.62156607292055, 0.365381317184406], [32.621604520538554, 0.3653074316553983], [32.62162549501169, 0.36519484347988285], [32.621709379558425, 0.36506114736788364], [32.621737343047855, 0.36496966920433094], [32.62180724893188, 0.36476560465950114], [32.621968031931814, 0.3644067318530629], [32.62203794371339, 0.36408304044101697], [32.622121832950796, 0.3638367552298778], [32.622212709404984, 0.363611580026912], [32.62237001399299, 0.36285512725714286], [32.62247487611628, 0.36251032666914157], [32.62247489049706, 0.36216552164216903], [32.62247489870856, 0.36196849006886156], [32.62247490369198, 0.36184886320718085], [32.62244640841282, 0.3616339351660774], [32.62265887980849, 0.36066185756200825], [32.622881007430465, 0.3597092217328449], [32.62293895527282, 0.3593981559433317], [32.622960014307886, 0.3593897520212275], [32.62297108800477, 0.35938480731175626], [32.623023550898566, 0.35901591822510204], [32.62312596790415, 0.35785391716732734], [32.623131351679284, 0.3572900400742796], [32.623110468302876, 0.3570476234827199], [32.62309702719399, 0.3569066112993959], [32.622524064526004, 0.3566418026738756], [32.62124645958481, 0.35607783875942267], [32.62066001962351, 0.3558143052146082], [32.62022542505586, 0.3556245593149003], [32.61970966870913, 0.3554058247694173], [32.619269835838494, 0.35521607774227226], [32.61904981146593, 0.35553752636727837], [32.6189502387935, 0.3558273629522078], [32.618834956354554, 0.35611719796547736], [32.618796226699246, 0.3562118195509252], [32.61870885996299, 0.3561942282296732], [32.61851645117568, 0.3561629830666986], [32.6183674968393, 0.35611300218030695], [32.61812543610641, 0.35606301557171893], [32.61788958459224, 0.35600678216592113], [32.617771651381524, 0.3560067735882169], [32.61764131440904, 0.35596928668400646], [32.61742098574633, 0.35589119240112593], [32.617166520130596, 0.35580997270049436], [32.617073429559845, 0.3557537489135732], [32.617054819804856, 0.35571002237070065], [32.61679447542799, 0.3556850883309539], [32.616340020667124, 0.35559721959035184], [32.615942740474026, 0.35555478800842166], [32.61582235697105, 0.3555244912786764], [32.61551543023511, 0.3552518733946819], [32.61527467810537, 0.35513676003802225], [32.61513181657715, 0.3550938687344884], [32.61493158883293, 0.3550337555785028], [32.61460053798171, 0.35493680868556354], [32.61445608180714, 0.3548822790662905], [32.61416716371175, 0.3548035087546548], [32.613938441840936, 0.3547186848301629], [32.6138765972632, 0.35470793873108597], [32.61369933104683, 0.3546398080558332], [32.613523759066766, 0.35454471515964864], [32.613326949185854, 0.35443811973328615], [32.61295561768305, 0.3542417131788741], [32.61254127749413, 0.35395765067507134], [32.612167657672536, 0.3536837335605172], [32.61215525903568, 0.35367464337294174], [32.611757703304384, 0.35341592806666194], [32.611075877838104, 0.3529660771741534], [32.611054898086444, 0.35294918075154064], [32.61069720212633, 0.3527580529029692], [32.61031747955923, 0.35259121840218427], [32.609972371168354, 0.3524481431558696], [32.609683907596725, 0.35233727360275313], [32.60945838183077, 0.35226864419035947], [32.609342995960425, 0.35226073389464213], [32.608964059833426, 0.35224360330057086], [32.60856545607052, 0.3522304345001195], [32.60839762199474, 0.3521961242243892], [32.60828364487783, 0.3521546255795445], [32.60808949017111, 0.35208393745433314], [32.607844033781106, 0.3519698968840454], [32.607753823756774, 0.35191076095663315], [32.60758808739856, 0.35174390842156483], [32.60733109205527, 0.35152320073386295], [32.607064655745326, 0.3512908770333138], [32.60619887832705, 0.3504221939641537], [32.60589108251528, 0.3501448020467259], [32.605710973886865, 0.34997430656165335], [32.60568167968459, 0.34995609162318453], [32.60552817943346, 0.34986064867569033], [32.60531850250334, 0.3497578181576641], [32.604825223446134, 0.3496238868707653], [32.60444081628637, 0.3495481359995326], [32.60421500960366, 0.34954003459163935], [32.603428722364356, 0.34945484481586464], [32.60305113683648, 0.34942821107134187], [32.60275802727688, 0.34940753575949907], [32.602311791241505, 0.3493805063984341], [32.60207388955031, 0.34936834769273195], [32.60161555770645, 0.34920734699283495], [32.60142335340749, 0.34913564113541945], [32.601423356836705, 0.34913954044804396], [32.60122851188184, 0.34905516216338944], [32.6008647240388, 0.3489172691768728], [32.60066036330166, 0.3487847679038839], [32.60037789720883, 0.3485650127713101], [32.600193865222, 0.3484572879379351], [32.599967034596986, 0.3483129366823387], [32.59935047366722, 0.3479388629974735], [32.59896529074788, 0.3477072544415545], [32.59857877070915, 0.3474527557014841], [32.59840078865755, 0.34736611184903116], [32.59801335708798, 0.34711918552361076], [32.59765575450228, 0.346888423180504], [32.59749889852821, 0.34677953065118466]], [[32.613539111365284, 0.359382160343571], [32.6135718461185, 0.35933455093795486], [32.61353911193006, 0.35938216041695914], [32.613539111365284, 0.359382160343571]], [[32.61353496130293, 0.3593881961917858], [32.61353496150234, 0.3593881959017646], [32.613534958072094, 0.35938820189905696], [32.61353495787269, 0.35938820218907774], [32.61353496130293, 0.3593881961917858]], [[32.613405645788724, 0.35961428594797457], [32.61352637470254, 0.35940320863944886], [32.61352637473378, 0.359403208639548], [32.613405645788724, 0.35961428594797457]], [[32.61375514757013, 0.359410232716486], [32.61370546542035, 0.35940377687341696], [32.61375096899577, 0.3594039212509566], [32.61375514757013, 0.359410232716486]], [[32.616305825139776, 0.35940780948846895], [32.61627148675806, 0.3596566280209262], [32.6163058248456, 0.3594078094822266], [32.616305825139776, 0.35940780948846895]], [[32.616318410095865, 0.35940320864072134], [32.6163184099554, 0.3594032086418414], [32.61632837030939, 0.3593132089736604], [32.616318410095865, 0.35940320864072134]]]}}, {"type": "Feature", "properties": {"name": "Kololo", "source_field": "PARISH", "source_values": ["KOLOLO I", "KOLOLO II", "KOLOLO III", "KOLOLO IV"], "shared_parish": false}, "geometry": {"type": "Polygon", "coordinates": [[[32.593347986104014, 0.31709187087185864], [32.59319322249944, 0.3172781557520087], [32.59293236501642, 0.31763790585257257], [32.59263576261787, 0.3179828398328534], [32.592379114955015, 0.31832989240837906], [32.592164550427086, 0.3185795987451613], [32.592105658209725, 0.31861768746161956], [32.592053427716394, 0.3187265502441509], [32.59198610542341, 0.3188238990547142], [32.59182412569365, 0.31900378000759033], [32.591449709521996, 0.31929581493235565], [32.59098694339862, 0.3196767305529567], [32.59044635323038, 0.3201063191550034], [32.589949933902716, 0.3205041640395412], [32.58944089205621, 0.3209189391075125], [32.58915902280142, 0.32116018703881927], [32.589062264500434, 0.321236369750767], [32.58894236114669, 0.32135276232175963], [32.58883086702552, 0.32148185376201205], [32.58858263592371, 0.32176543084505604], [32.5884984811952, 0.32189240726968144], [32.58848358768893, 0.3219111676607638], [32.588014625542954, 0.32250188969082], [32.58762332558508, 0.32302249246206577], [32.58755565736706, 0.3231162114357633], [32.587333003088105, 0.32342458305912214], [32.586889115583475, 0.3239896238580569], [32.58676123743766, 0.3241704106311512], [32.586733433697965, 0.32420971737331217], [32.58654409846657, 0.32445097067679723], [32.58645153534072, 0.32456524814691895], [32.586363997149284, 0.3246898169120985], [32.58627902300795, 0.3248107361753575], [32.58601604942374, 0.3251726178494212], [32.58587299089118, 0.3253757792553041], [32.58561212542967, 0.32571861408577923], [32.58523133518308, 0.3262582628599343], [32.58505883869582, 0.326444492218441], [32.584823205296246, 0.32680425877694225], [32.58440876158164, 0.3273650689965996], [32.58417148152412, 0.3276654936120123], [32.58416472946597, 0.3276740428459211], [32.58389123612958, 0.3280507384666542], [32.58356094609812, 0.32848880542755426], [32.583388441098464, 0.32870466304311075], [32.58324958729369, 0.32890782536074004], [32.58311494858141, 0.32908135856851883], [32.58288774787862, 0.3293607046219212], [32.58273562580277, 0.32950651129890585], [32.58262059599457, 0.3296167662224727], [32.58239341984438, 0.32980299126043], [32.58219568912207, 0.3299765208275309], [32.58196851206094, 0.3301627449302076], [32.58138164421469, 0.3306304235908504], [32.581066124359246, 0.33088013282023465], [32.58074639153346, 0.3311510066367595], [32.58034463400838, 0.33145361956562663], [32.58027991431674, 0.33150136740138975], [32.58027287805317, 0.33138804849085757], [32.58029674594766, 0.3313000628030898], [32.58037626472901, 0.3311720858741248], [32.580511435800815, 0.33099212033251746], [32.58059095153944, 0.330872141940734], [32.58064661985052, 0.33076016197357494], [32.58065855958137, 0.3306961723094502], [32.58064329064867, 0.3305603058454148], [32.58045653573156, 0.3307249451995617], [32.58011853071066, 0.3309221765729665], [32.57971293379558, 0.33112620752663807], [32.57946282175695, 0.3312282182371636], [32.5792329980118, 0.3312894201339781], [32.57892882705889, 0.33133701197096327], [32.57844892347545, 0.33137779097433445], [32.57791496666617, 0.33133694194126107], [32.57744185958495, 0.33123488011538715], [32.5770465499843, 0.3310771313129659], [32.57695180344735, 0.3313266724927268], [32.57672523188123, 0.3318742113015905], [32.57668606895426, 0.33193330254802283], [32.57668466154781, 0.33193542584142277], [32.57679128568076, 0.332003720704861], [32.57700186437085, 0.33221570614413076], [32.57724023319988, 0.33253967600919604], [32.577387217122, 0.33278365196558135], [32.57751829948132, 0.3330396264081038], [32.57758979448972, 0.33319560969503653], [32.57762778437086, 0.3333317702303499], [32.57767516030282, 0.33350157282379606], [32.5778340110266, 0.3339575193041473], [32.5779293168829, 0.3342454863866129], [32.57801869514584, 0.33440746960357803], [32.57858948270049, 0.3348144775115757], [32.57917922389066, 0.3354365078787435], [32.57951573114704, 0.3358013678363214], [32.579544301213346, 0.33583234546302004], [32.579909383435265, 0.33611509064651285], [32.580358718664264, 0.33639783952042235], [32.58089230845758, 0.33662404586295286], [32.581482074263086, 0.33668061779446773], [32.58196682403076, 0.3365957688968506], [32.58212801516874, 0.3365675534578757], [32.5827177919718, 0.33636966908191607], [32.58308289379214, 0.33620004621435845], [32.58353224289537, 0.33614351943964976], [32.58392542062158, 0.3361718095708219], [32.58430033863812, 0.33636054938710924], [32.58448709266528, 0.3364545641669885], [32.58566658393996, 0.3375289875659711], [32.58635168131096, 0.33812974810635343], [32.586480185158045, 0.33797637978197553], [32.586635551460994, 0.3377948815200365], [32.58714654430044, 0.33824365754987784], [32.587520348401256, 0.3385545551088261], [32.58802960295797, 0.3386527491234558], [32.58848468095295, 0.3387563961986883], [32.58885849559332, 0.33882186094000527], [32.588947699117114, 0.33883001442252286], [32.588953925109095, 0.33883001469061547], [32.589669806822, 0.33896789186710324], [32.59018648073179, 0.33909322477347603], [32.59059111139254, 0.3391684318314823], [32.59075918852639, 0.3391997664973238], [32.59086702297522, 0.3391100662454217], [32.59093032504296, 0.3392876602498988], [32.59105550135792, 0.33953273755040086], [32.591177217013175, 0.3397112957779501], [32.591351084561, 0.3400123922184468], [32.59146237157823, 0.3401594416112555], [32.59172670416545, 0.3404115310027701], [32.591851915791175, 0.3405235704643188], [32.59186127059298, 0.3405322343865937], [32.592025819852545, 0.3406846284021198], [32.592157984515175, 0.34081767467127105], [32.592241467514356, 0.3408596921722056], [32.59235973779078, 0.34090871454246285], [32.59251280791119, 0.340922728771687], [32.59297899374292, 0.34088074843525457], [32.59344518797062, 0.34081076180701864], [32.59390790151505, 0.34074427532973545], [32.59420014232071, 0.34070228385483886], [32.59464546315259, 0.34063229444516463], [32.59493074436931, 0.3405973042102059], [32.595167316995536, 0.3405763150233449], [32.59532038865628, 0.3405763251657527], [32.59546649504075, 0.34061134556244205], [32.59573086758774, 0.3407093905351052], [32.59603697301545, 0.3408634552582475], [32.59620394122139, 0.3409404886651286], [32.59635004135511, 0.3409965146689257], [32.59637787860006, 0.34097551024281747], [32.5964892708689, 0.3407164451769807], [32.59662850216476, 0.34043637567332163], [32.596771206079794, 0.34017381158466964], [32.59701485085384, 0.33971169844272614], [32.59723061539568, 0.33943863641420763], [32.59756466729354, 0.3391515780285703], [32.59775256355569, 0.3390185534142191], [32.598156182574705, 0.33877351275173395], [32.598511086432836, 0.33857047942380536], [32.59863286225354, 0.33851797321363525], [32.598869463827576, 0.33838495149479825], [32.59918957411443, 0.3381959206943296], [32.59928839619578, 0.3381399954995378], [32.59941225856016, 0.33806989993176007], [32.599767175498286, 0.337810851208606], [32.59997080813678, 0.3375964681350544], [32.599983987733474, 0.33758259401100305], [32.6000664453651, 0.3374957830287485], [32.6003796525746, 0.3370966911031475], [32.60082163353923, 0.3364910504095131], [32.60103739789655, 0.3362179880808058], [32.60134365610127, 0.33578388696929506], [32.60145939733003, 0.335620887828051], [32.60151766607685, 0.3355388300637721], [32.60190746796848, 0.3349156808017297], [32.60197693689417, 0.33481049359545534], [32.60223809534984, 0.3344150615478248], [32.60224085286421, 0.3344054816555023], [32.602314700852354, 0.3341489913228996], [32.60239829266182, 0.3337708907686958], [32.60246448635135, 0.3334102929754141], [32.60261771862038, 0.3327941299753067], [32.602631758179605, 0.3327370033502564], [32.602837122175586, 0.3319013925375409], [32.602955558395614, 0.3313132343566053], [32.60313667448225, 0.3304940158847371], [32.60316621750445, 0.33035703628415974], [32.603244650133, 0.3299933818929304], [32.60342576604827, 0.32917416245183706], [32.6035789893155, 0.3285930089661896], [32.60371124465183, 0.3283759564194184], [32.60406619386482, 0.32799087138715066], [32.60447068910099, 0.32759337924762666], [32.60465214714596, 0.3275006018403009], [32.60490204543883, 0.32729109472347895], [32.60527094557192, 0.3269738400787707], [32.60544945129353, 0.3267942606996631], [32.605723160418314, 0.3265248895854691], [32.606047436571785, 0.3262405574009699], [32.60630923776001, 0.32600710559719215], [32.606636496066756, 0.3256898482337738], [32.60682689585991, 0.32552822780607776], [32.60696972050849, 0.3253067396883208], [32.607195800414644, 0.32518702788384773], [32.60736831958428, 0.32515710677352117], [32.60725530176881, 0.3251331536383609], [32.60692814631504, 0.3250493226254605], [32.60566413164273, 0.32474692643728187], [32.60519421946431, 0.32462118071025287], [32.604736211161615, 0.3244714904016239], [32.604331769954456, 0.3242080625733874], [32.60393625926617, 0.3239117089775838], [32.60377319977619, 0.3237764026534402], [32.603496152952445, 0.32354651038393784], [32.60283003814116, 0.3230196640911445], [32.60202119834636, 0.32233117525105354], [32.601448723473794, 0.32191795113817845], [32.60141157347464, 0.32189113487820553], [32.6012123272706, 0.32175642788769887], [32.60098631858344, 0.3216007666878204], [32.60039752158415, 0.32113378936548354], [32.59936562840237, 0.3203584828738788], [32.598595434221615, 0.31975081291381063], [32.59843520715886, 0.31962463352660797], [32.59772115935449, 0.3190623200053862], [32.59687363534831, 0.31844267322630215], [32.596278887376144, 0.31798766795008165], [32.59618054623121, 0.31791132622797275], [32.59557708626633, 0.31744286033420266], [32.594649274823986, 0.3167483781595993], [32.59397309772781, 0.3162947087424137], [32.59380957431853, 0.31653961684562315], [32.59355714424362, 0.31684011142600854], [32.593347986104014, 0.31709187087185864]]]}}, {"type": "Feature", "properties": {"name": "Nakawa", "source_field": "PARISH", "source_values": ["NAKAWA"], "shared_parish": false}, "geometry": {"type": "Polygon", "coordinates": [[[32.61679899653162, 0.32361482685983267], [32.616758173680985, 0.3235844956429736], [32.61648098772913, 0.3233785511712658], [32.61618569619938, 0.3231498994860769], [32.615791972999844, 0.3228526503902814], [32.61574883791235, 0.32282129042750496], [32.615601437233245, 0.3227141303928365], [32.615383103608075, 0.32255539982061915], [32.61502723678489, 0.3222886383619574], [32.61464107844338, 0.32202187484567596], [32.61433819276344, 0.3218770537389677], [32.614311388627165, 0.32179115551489945], [32.61423716421718, 0.32175379882143135], [32.614094892591766, 0.32171021146214], [32.61395239933093, 0.3217052572023515], [32.61391549451138, 0.3217039747092442], [32.61370516163681, 0.32171641187573946], [32.613414395965016, 0.3217724215031021], [32.6132411624105, 0.32184711618231765], [32.613118920062256, 0.3219071998765242], [32.612823528273125, 0.3220751052481398], [32.61257355545611, 0.3223113426963153], [32.61232355400103, 0.3226618979860276], [32.61203567743138, 0.3230505556225606], [32.61175539930501, 0.3233401391906556], [32.61169429580587, 0.3233894907773007], [32.61148649932996, 0.32355732343619475], [32.61125927950358, 0.32366400389950795], [32.61102449283927, 0.32374782103092137], [32.61060795993808, 0.32380114130234344], [32.61013844785366, 0.32373252033983657], [32.60988508017243, 0.32363232515137985], [32.609878433172234, 0.3239230772972682], [32.609872207460924, 0.32407871316364245], [32.60985359840351, 0.3242716996553979], [32.60988758184168, 0.3244304511199786], [32.60989373449136, 0.32456118522278493], [32.609856578518595, 0.3247105936364938], [32.60983798077559, 0.32486622720730546], [32.60981319249493, 0.3250343121108101], [32.60978220821787, 0.3252397496892388], [32.609745042693966, 0.3254265101113484], [32.60972644403632, 0.32558214367811805], [32.60971404976699, 0.32566929970015585], [32.609868686994666, 0.3257377898998892], [32.61009136735498, 0.32582495968588765], [32.61027074227291, 0.3259183531065723], [32.61057073491704, 0.32606466979000565], [32.61103667060479, 0.32638336180342975], [32.61105317338381, 0.32639464966257675], [32.611702586239915, 0.3269300794662676], [32.61196233711043, 0.32719779002334093], [32.612073668939885, 0.3272725029669892], [32.61268190969028, 0.3278893518716546], [32.61290549602103, 0.32811610282401177], [32.613505404465954, 0.32870755795276885], [32.613814644197724, 0.3289814976665533], [32.61394133313979, 0.32913474857233904], [32.61395568803599, 0.3291708861380167], [32.613959543864404, 0.32918059387354154], [32.614120726051446, 0.32932398022948606], [32.61415538486836, 0.329354811539968], [32.61442409694986, 0.3295886319385033], [32.61449055121352, 0.3296555291263212], [32.61462904028431, 0.3297949429037473], [32.61495051767961, 0.3301058705763006], [32.6149774472019, 0.33013191655194013], [32.61530252172351, 0.33042701278262054], [32.615487541203244, 0.33059497033398516], [32.61607762969258, 0.33112901933003097], [32.61620941638622, 0.33124829121259347], [32.61648723915248, 0.3314866962175561], [32.61726605398451, 0.332151480337152], [32.61778070970505, 0.3325961976669051], [32.61801299064161, 0.33278417303241004], [32.61806766448687, 0.3327520858559113], [32.6181770175587, 0.3326649896492306], [32.61830915989164, 0.33253663572361863], [32.6181543020369, 0.33242660095662063], [32.61785824296047, 0.33224320728658197], [32.617625948218006, 0.3321102449183692], [32.617521197361576, 0.33200938231214705], [32.61754400366346, 0.33189935905111806], [32.61759868915938, 0.33182142817334603], [32.61767159059783, 0.33177100404827403], [32.61761239116357, 0.3316838985141647], [32.61743250154906, 0.33148446611691396], [32.617323207879025, 0.3313377587366933], [32.617213901653635, 0.33123689596161426], [32.617159271232524, 0.33109936091577313], [32.61715929759937, 0.3309985051428479], [32.61717753273071, 0.33094807887501565], [32.617227653333266, 0.33090682223364126], [32.61735522750776, 0.330828896017049], [32.61744178788092, 0.3308013960804218], [32.6174645900398, 0.33070512538416663], [32.617463368857244, 0.330632305760478], [32.61745786007236, 0.3303039927481046], [32.61744879898192, 0.3301114483124375], [32.61744433861174, 0.32974469944534057], [32.61730767486279, 0.3297401054006894], [32.61687490335666, 0.3297446618353558], [32.61636248975881, 0.32974684116428726], [32.61634419007611, 0.3297469191585517], [32.616284961067386, 0.3297744210669268], [32.61604804862702, 0.3298844314073356], [32.615774690324656, 0.32999902178089685], [32.61558789004433, 0.33009986568662364], [32.61542393336753, 0.32993940272183486], [32.61498899459828, 0.32951990397252046], [32.61462008921608, 0.329176052811443], [32.614251186013945, 0.32882303148240405], [32.61413037980362, 0.328715420931492], [32.61393465293675, 0.32854107210068884], [32.613814791296576, 0.3284087583685246], [32.61388904635898, 0.32832783187664066], [32.61394840461269, 0.32821099940422555], [32.61405320614881, 0.3281147346742109], [32.61410244499141, 0.328053545347685], [32.61413067365507, 0.3280184670613767], [32.6142582626256, 0.3278809455305198], [32.6143904049901, 0.3277480065497846], [32.61437224284211, 0.3275142032363379], [32.61423110806111, 0.3271887032345037], [32.614044422246685, 0.32684027962356177], [32.61396318002855, 0.326617737553857], [32.61402625990808, 0.32661105960324943], [32.61419025883713, 0.3266064863319894], [32.61456153989427, 0.3265629587027292], [32.61470886999163, 0.3265417886928969], [32.61484854605399, 0.32652171851512357], [32.61507177432237, 0.3264804731236637], [32.61539523600864, 0.32639339245213794], [32.61559113742556, 0.3263292241371701], [32.61572781686174, 0.32627422008605894], [32.616085457096474, 0.32613441937013904], [32.6162676965216, 0.3260564970316795], [32.61635733658027, 0.3260054836482494], [32.61671875375506, 0.3257998017197929], [32.617074135636074, 0.3255889445604455], [32.61738851414498, 0.32539183654972403], [32.617894258728235, 0.3250526260024012], [32.61838526232728, 0.3247619057244544], [32.618241396355586, 0.32467044350273344], [32.617870389066816, 0.3243884387549426], [32.617846214570896, 0.3243699445553803], [32.617491808979395, 0.3240988115065547], [32.61679899653162, 0.32361482685983267]]]}}, {"type": "Feature", "properties": {"name": "Bugolobi", "source_field": "PARISH", "source_values": ["BUGOLOBI"], "shared_parish": false}, "geometry": {"type": "Polygon", "coordinates": [[[32.63000581672555, 0.3136037524210538], [32.63004788443644, 0.3135297020248789], [32.630056011366214, 0.31349784183917684], [32.63008296091904, 0.3133921765048982], [32.63010751116772, 0.3133075457301433], [32.63012154861334, 0.3132264411608929], [32.63012156740805, 0.3131523874452989], [32.63016714517913, 0.3130571785787293], [32.630205719313864, 0.3129443383552183], [32.630226769847816, 0.31284207544268733], [32.63023555420561, 0.312745101965137], [32.63026010444584, 0.31266047118669427], [32.63029867537999, 0.3125617354819962], [32.6303547803887, 0.31241010708697486], [32.630372332227346, 0.31228668545313554], [32.6303653515922, 0.31217736837008336], [32.63036538392182, 0.31205042043214637], [32.630389945652034, 0.3119199467862107], [32.63040990581781, 0.3117996076040461], [32.63094589870174, 0.31100387464591095], [32.63155654917274, 0.3103496635175564], [32.631630352413396, 0.3102802834485864], [32.632040293711526, 0.30989490965806643], [32.63242886936017, 0.30955185225952436], [32.632825391468735, 0.30914496464991364], [32.633023645979534, 0.3089614680098781], [32.633332605024826, 0.3087603006989253], [32.63399104810474, 0.3084030222980477], [32.63495048095574, 0.30799616948468894], [32.63509822428144, 0.3079009450713634], [32.63488118360324, 0.307806255327371], [32.63449967222763, 0.3075039292517707], [32.63383403880392, 0.3070545171837214], [32.6333419818911, 0.3067745627345423], [32.63271379494037, 0.306417158032606], [32.631600820618814, 0.30570285940263886], [32.631296875362956, 0.305201199110074], [32.630771143579715, 0.3045565561333405], [32.630282719691536, 0.3042154105317965], [32.62944297220306, 0.3034654043521472], [32.629143971436996, 0.30312426991620295], [32.62848116457598, 0.30245202941934707], [32.62705284938159, 0.3031366829446769], [32.626808572146714, 0.30322194746324427], [32.62659918837068, 0.30331222893783133], [32.62657128241093, 0.3033238463176193], [32.626415417094535, 0.303470227455364], [32.62629949289472, 0.30352291221382766], [32.6261083322753, 0.3036163526681083], [32.62602032858731, 0.3036783461143317], [32.625656933105276, 0.30392473260773695], [32.625447590419704, 0.3040479248678298], [32.62523431065244, 0.3041194495830156], [32.62515893096083, 0.3041453453090275], [32.625072376152474, 0.30417508025209317], [32.62493415055242, 0.30417507175416203], [32.62487390026856, 0.304167489016256], [32.6248653070336, 0.30417138803635546], [32.62482356443146, 0.3042028851347488], [32.62478011745416, 0.3042227547698132], [32.62474457512594, 0.30421877819467197], [32.62464187927252, 0.3042744127545968], [32.62461421759793, 0.30434197411419706], [32.624594046658295, 0.30434922198088477], [32.62459281007052, 0.3043496661524316], [32.624558922532515, 0.30436184242355735], [32.62447598252803, 0.30438170884985977], [32.62442068538814, 0.3044095259872543], [32.624399604655885, 0.3044006843626517], [32.62439497736279, 0.30440161515105146], [32.624362067422155, 0.30439256954694044], [32.624331391779684, 0.3043777908404818], [32.62429325189586, 0.3043594165310151], [32.62421845391307, 0.30432626239874194], [32.62415263085995, 0.30429612309573656], [32.62412192324927, 0.30429611567589354], [32.624077126121065, 0.30430021064131313], [32.624046792291225, 0.3043021167074363], [32.62401393678326, 0.3043041810093468], [32.623991265167234, 0.3043021056943319], [32.623910299345624, 0.30430208473289017], [32.623823537886146, 0.30430507445814436], [32.62369190274161, 0.3043170889372065], [32.62359714504326, 0.30431610034382567], [32.623520271358835, 0.3043279964341862], [32.62351124050671, 0.3043308875840791], [32.62343337962554, 0.30435581153867947], [32.62342407032579, 0.30435468664739734], [32.623394227927974, 0.30436068837481556], [32.62331644102921, 0.3043516312249243], [32.62328790804435, 0.30435625783121756], [32.62325960861385, 0.30436374967894525], [32.62320826411468, 0.30438361811823395], [32.623149009913625, 0.3044432286079842], [32.623097644794846, 0.30453861000833227], [32.6230462879785, 0.304602196095027], [32.62300678457708, 0.3046419370224223], [32.622958488337424, 0.3046627618506035], [32.622951489377336, 0.3046657797318299], [32.62289619016466, 0.3047015456824873], [32.622848789306566, 0.3047392977632418], [32.62276584412061, 0.3047790362381484], [32.62273794298872, 0.304781194800651], [32.62273011182264, 0.30478524131314727], [32.62268210994621, 0.30479189559478703], [32.6226710579769, 0.30479492780683953], [32.62261181117895, 0.3048227447857802], [32.62260697082702, 0.3048257889801173], [32.622580212290465, 0.3048426148254337], [32.622509677358074, 0.30484260959978415], [32.62249077909524, 0.304845424400465], [32.62247139269161, 0.3048528550405803], [32.622382735491314, 0.30489426883870485], [32.62233402848071, 0.30491732919764797], [32.62224844297114, 0.3049578501489533], [32.62219912454888, 0.30496431981824274], [32.622188627007546, 0.3049688475433063], [32.622143751739586, 0.3049718477880653], [32.62212457049486, 0.3049718434852015], [32.622094417302854, 0.3049737377880862], [32.62206663202951, 0.30497793015177777], [32.62201542904973, 0.3049856554973584], [32.62200714692402, 0.3049847776282322], [32.621997157217905, 0.30498687078267733], [32.62194031286334, 0.30498083159054334], [32.62191370663511, 0.3049853732158567], [32.621885100733245, 0.30499359605554804], [32.62183770603639, 0.30500949111344133], [32.62172574359986, 0.3050251323549385], [32.621695526521364, 0.30502935358136735], [32.621604689147595, 0.30504524527680754], [32.621561244252725, 0.30505716606036015], [32.62152929399234, 0.30505131774530553], [32.62149903740886, 0.3050545166415494], [32.62147210856364, 0.30503342315197923], [32.621436201149194, 0.3049852177450096], [32.62139430626267, 0.30490086332902244], [32.621388317891544, 0.30486471612916766], [32.621379337050676, 0.30482555431188507], [32.62135839245901, 0.30480446284616564], [32.621325480154084, 0.3047863809401349], [32.62128957934236, 0.30478034611313903], [32.62126865901428, 0.30475928088518034], [32.621268633852374, 0.30475925555226946], [32.62124170785988, 0.3047592482574996], [32.62123358737645, 0.30476176217056317], [32.62122199708489, 0.3047653498564477], [32.62120281653184, 0.3047712868161439], [32.621196831698875, 0.30476224849898], [32.621166909805495, 0.30472910590837116], [32.62114895198118, 0.3046688557683644], [32.62115193784879, 0.3046296970936819], [32.621151932357556, 0.30458150201827067], [32.62111901651576, 0.30453630942176724], [32.6210801202782, 0.30450918919959846], [32.621044217090734, 0.3044941180792439], [32.621014294511646, 0.3044549509922996], [32.62096343077472, 0.3044248149279356], [32.62094098857712, 0.3043901680647243], [32.620899094273774, 0.30431485175754663], [32.6208512214223, 0.30428170400434706], [32.62080335073671, 0.3042636179468711], [32.62072556238514, 0.30424552448810543], [32.62068666762944, 0.30422744056049233], [32.62068366956269, 0.3041792435713919], [32.62068366259205, 0.3041220103956915], [32.62065818281626, 0.3040893592266397], [32.62065315654774, 0.304089359047216], [32.620558365378024, 0.304121147347539], [32.62045962233085, 0.30416485874376376], [32.62040431987395, 0.304216522325636], [32.620329268975304, 0.3042721578039868], [32.620226571072855, 0.30433574111760014], [32.62013967077172, 0.3044032994067105], [32.62002117602495, 0.30446688124524907], [32.61988293671247, 0.30452648796084636], [32.61978814145706, 0.30457218623807764], [32.619741360582026, 0.3046129754421634], [32.619669637215864, 0.30467551219254224], [32.619551141287744, 0.3047470428434506], [32.61941685087685, 0.30480267436976405], [32.619322051251466, 0.30487023235740685], [32.61925489654918, 0.3049377922406631], [32.61915614726235, 0.3050053500821038], [32.61906135283328, 0.3050530360021356], [32.61892705604206, 0.3051364883991787], [32.618796712029486, 0.3052080176978964], [32.61878628363724, 0.3052139793929452], [32.6187825405834, 0.30521646631915567], [32.618766852174225, 0.3052250867815508], [32.61862291807353, 0.30530736540696896], [32.61854392034416, 0.30535902720198627], [32.61846096685566, 0.3054305600078379], [32.61838196836818, 0.30547824648286526], [32.61829112456664, 0.30552394577538117], [32.618231873620275, 0.3055676603578025], [32.61818446957232, 0.3056193232859747], [32.61811337158511, 0.3056590621221658], [32.61801067769251, 0.3057107221460536], [32.617884287639264, 0.30576238131101263], [32.61784478631388, 0.30579417246193613], [32.61779737810178, 0.30586173303116254], [32.61772710694256, 0.3059000297756381], [32.61770258262884, 0.3059133942381686], [32.61765124036479, 0.30592133939372734], [32.6175603946935, 0.30596902542464677], [32.61747744105611, 0.30604453352476607], [32.617402397428826, 0.3060723489720101], [32.61727599800768, 0.3061597760133964], [32.61716540673398, 0.30620746041548164], [32.617094312908684, 0.3062313024947823], [32.61699952278207, 0.3062591172196986], [32.616940272587954, 0.30630680528966786], [32.61688496192674, 0.30638628879136726], [32.61669140027866, 0.30657505678767516], [32.61649388917875, 0.3067578634638314], [32.616376609429224, 0.30687122444918513], [32.61629242618735, 0.3069525932165443], [32.61614232822629, 0.3070559169992455], [32.61595667887677, 0.3071830832290374], [32.615814458493496, 0.3073658945958927], [32.615644608816325, 0.3074890869753576], [32.615462909188736, 0.3076142674757281], [32.615324658253634, 0.30772156516440946], [32.615142937557216, 0.30793219411499756], [32.61502513805538, 0.30805373998291247], [32.61498887532451, 0.30809115673463316], [32.61484272193377, 0.30821037824841463], [32.61474397574267, 0.30826601274483484], [32.614664962348414, 0.30837728880198345], [32.61457408745907, 0.30853625643676175], [32.61452666975149, 0.30864157248821006], [32.614439774907964, 0.3086813106754624], [32.6143616750661, 0.3087290721917752], [32.614238330625795, 0.3088045027263467], [32.614147477487705, 0.3088839830519429], [32.614086033351434, 0.30893893041786274], [32.614040822437524, 0.30897935952676486], [32.613961807085744, 0.30909461087706086], [32.6139301789729, 0.3092257625189772], [32.613914362016835, 0.30930922182646053], [32.61386049342189, 0.30942032146213694], [32.613830189465695, 0.30946604641016817], [32.61379228514877, 0.3096184658388432], [32.613716531031066, 0.3097099151712869], [32.61370136912245, 0.3097708833033797], [32.613701307188364, 0.31001475807439477], [32.61368611267955, 0.31020528490380705], [32.61356489592741, 0.3103881846761937], [32.61345882924522, 0.3105634627872612], [32.613413355953476, 0.3107006392963177], [32.61337546642399, 0.3107920900198417], [32.61332999312694, 0.31092926743064125], [32.61323150070715, 0.31109692540181105], [32.613154196191374, 0.3112661963581416], [32.61299017742588, 0.3116463140484142], [32.6128404177444, 0.3120049163420272], [32.6127263286332, 0.31222724829250936], [32.612540932743705, 0.3125930208941307], [32.61248033229798, 0.3126754977903245], [32.61243041728613, 0.3127759056146703], [32.61235906549002, 0.313091478978973], [32.61230910724358, 0.31336402132020474], [32.612266288096386, 0.31358635772259413], [32.61220923099519, 0.31374414314114096], [32.61207379624919, 0.3138302016826745], [32.61194550797289, 0.3138373658042723], [32.61185286116552, 0.31381584278485064], [32.611938226088725, 0.3144398327146056], [32.612169551026675, 0.3156268516504254], [32.61226203288843, 0.31628670385001506], [32.612514717015536, 0.31755261927992207], [32.61291675118353, 0.32005934147085496], [32.61294515324667, 0.3204753328436849], [32.61293800168032, 0.32056857060099064], [32.613100338872975, 0.3205394694609606], [32.61349415449084, 0.32047852582078945], [32.61394854873669, 0.3204404493212214], [32.6139645082747, 0.3204398600581765], [32.61497849662319, 0.32040241106013256], [32.61594029823468, 0.32031864039332086], [32.61669751836501, 0.3202996394129674], [32.61715199803635, 0.32028823463975936], [32.618034267919185, 0.3202616169790035], [32.618958186439365, 0.3202464336886063], [32.61955648703142, 0.32013977680066774], [32.619897305656906, 0.3200254816213209], [32.62024570808285, 0.3198654606040784], [32.62066986598682, 0.3196063697804565], [32.62075616549338, 0.3195584674529511], [32.62088951686957, 0.31948444595521863], [32.62124550605814, 0.31927107771995694], [32.62140644231038, 0.319169410050785], [32.621408353831654, 0.3191682023276246], [32.621734023258746, 0.3190615286817474], [32.622286881085785, 0.3189701097459216], [32.62294576165649, 0.31887869833082716], [32.62355920654331, 0.31877966294617877], [32.62377883549615, 0.31874157082066695], [32.623872627821356, 0.31872698666956495], [32.623935811106016, 0.318719042897698], [32.624149031651065, 0.3187786643043728], [32.62442146480076, 0.3189137927340284], [32.62456679109698, 0.3189849576016322], [32.624567553158, 0.3189853312773236], [32.62476891593586, 0.3190886653769772], [32.625094649978166, 0.31925757423843465], [32.62524072910429, 0.3193609035794901], [32.62535126603181, 0.3194801265522378], [32.62545784375345, 0.3196390871983024], [32.62548547768896, 0.31967087992370324], [32.625590647733084, 0.31959364101827986], [32.625655440533805, 0.3195371475519962], [32.62589300963873, 0.31935463088641913], [32.62595257295702, 0.3193009074602292], [32.62614354547798, 0.31912865667229745], [32.62628609342259, 0.3189939398320479], [32.62635088304684, 0.31895048330364634], [32.62646171952574, 0.3188647085900234], [32.6265754938486, 0.31877665862144033], [32.62674825867484, 0.3186940961108072], [32.62714562072093, 0.3184898603078853], [32.627603435254066, 0.31832039491203074], [32.6279748682209, 0.3181813482870758], [32.62836357834187, 0.31803795420436887], [32.62911724372935, 0.3177576862822026], [32.629497311594776, 0.3176316759198194], [32.62975213401595, 0.31753173398694096], [32.629985358896285, 0.3174491762789195], [32.630248958517704, 0.31735330495875574], [32.630250162621444, 0.31730642895345657], [32.63023966761645, 0.31723942802138544], [32.63023442068943, 0.3172024005201794], [32.63027303356695, 0.3169379272029563], [32.63030465650326, 0.3165994008172343], [32.63033452899798, 0.31625558358644323], [32.630345073167646, 0.31612863602953156], [32.63035912113673, 0.3160052151818392], [32.63038721591896, 0.31576542574627064], [32.63037673037251, 0.3156596342124318], [32.63037324321004, 0.31559263353426115], [32.63029798209384, 0.31528759949049334], [32.630262975450385, 0.31515359712511964], [32.630217467767515, 0.3149702240313567], [32.63017193795207, 0.31487853666459087], [32.63014042589157, 0.31477979663777694], [32.63007739844706, 0.31459994949995157], [32.63006344133113, 0.3143672099113695], [32.63007049945335, 0.31416620851499655], [32.63004599933624, 0.3140533642216929], [32.62997597247058, 0.31383825282031724], [32.629946234750285, 0.3136531170126798], [32.63000581672555, 0.3136037524210538]]]}}, {"type": "Feature", "properties": {"name": "Kansanga", "source_field": "PARISH", "source_values": ["KANSANGA - MUYENGA"], "shared_parish": true}, "geometry": {"type": "Polygon", "coordinates": [[[32.61192042936119, 0.2775625881746268], [32.611855825841886, 0.2773458500000378], [32.61185149901774, 0.2771192144552781], [32.61164196676144, 0.27727334360667066], [32.61124942107667, 0.2776077091889611], [32.61087602980384, 0.2779899247856106], [32.609593704366986, 0.2783073440285956], [32.609451717477306, 0.2782813151566846], [32.60934200700548, 0.2783137771182477], [32.60920648570911, 0.2783787219571569], [32.609103233101045, 0.2784371774635048], [32.60899998185773, 0.27850862827612644], [32.60899412324471, 0.2785145268123022], [32.60890318847531, 0.2786060726349942], [32.60879993995905, 0.27870351677281313], [32.60874831966846, 0.27878147964112554], [32.60870314861953, 0.2788204558970819], [32.608619250557005, 0.278826931716927], [32.60849663320045, 0.27886588816354224], [32.60842564769711, 0.27891135486461466], [32.60832240370061, 0.27903479050873203], [32.60825142817208, 0.27915823447950133], [32.608173999088876, 0.27928817407322865], [32.60811593338405, 0.2794246174025503], [32.60806431602542, 0.2795220741223888], [32.60801269640437, 0.27960653462896284], [32.60797398162636, 0.27966500676791234], [32.60790945307321, 0.2797364688127264], [32.60784492950261, 0.2798469167765747], [32.60781266963618, 0.2799118885949049], [32.60779331643853, 0.2799768644704126], [32.60776105431085, 0.28002884007623124], [32.60770943400172, 0.2801068020171509], [32.607657815270535, 0.28019126251489007], [32.607606194959125, 0.2802692253580712], [32.60756748447393, 0.2803601884698269], [32.607467473111484, 0.28053235839321217], [32.607422305668905, 0.2805973270503591], [32.60738359789796, 0.2807142807701176], [32.60736424966865, 0.28081824436727987], [32.607131939897094, 0.2810196220533303], [32.60644141959766, 0.2812858610318626], [32.605783170038684, 0.28156510357492787], [32.605463747833355, 0.2818736749454181], [32.605102372077205, 0.28215949310431243], [32.604870070162505, 0.28241935222542347], [32.60466357615655, 0.28262723553680646], [32.6045500978687, 0.2828348823069962], [32.60406351780952, 0.28372524168101126], [32.60365050966831, 0.2839915513448806], [32.60305679919746, 0.2842838063505459], [32.602334044305486, 0.2848164543955022], [32.60209257116063, 0.2849784899760759], [32.602607561096555, 0.28541180227526614], [32.60254309893977, 0.28553605420738143], [32.60248004541331, 0.28567408768061614], [32.602208621884074, 0.2861074953816834], [32.60204686865844, 0.28639735972663455], [32.60187669224103, 0.2865056849574278], [32.60166247317517, 0.2866350504383466], [32.6014349380235, 0.28665069392596054], [32.60127701068238, 0.286675116491781], [32.60107048424512, 0.2866750621355694], [32.600754634156395, 0.2867728341223157], [32.60039625312858, 0.2867849717053059], [32.6000560994047, 0.28683381050189233], [32.5995458742915, 0.2869437629135045], [32.59936072281848, 0.287017156571128], [32.59934543357343, 0.28702321760187854], [32.599260413345725, 0.28717609202063327], [32.599269536880726, 0.28727089176070364], [32.59931817599956, 0.2876133941998531], [32.59939716875406, 0.2878213551859307], [32.599451874690324, 0.28811493279568484], [32.59956123744812, 0.28831066949157674], [32.59968881681358, 0.28846360126444226], [32.59975567204533, 0.28875106617811436], [32.59988326186944, 0.28898961907064397], [32.60013723002827, 0.28946917117355736], [32.60027331699503, 0.2896502371276264], [32.60037539338983, 0.2898704361240758], [32.600506614906294, 0.29000257413805863], [32.600696163531595, 0.2902374742465892], [32.600885727427425, 0.2905995851353878], [32.601007242015946, 0.29081978937625325], [32.60109958605977, 0.2909323453101685], [32.601191931381805, 0.2910595811174867], [32.60138585651799, 0.29132041410694454], [32.60143562106599, 0.2913486085602134], [32.60146361594305, 0.291386192246552], [32.601491612173255, 0.29143630077903815], [32.601519612008055, 0.29151145990854627], [32.60153828130397, 0.2915772232589698], [32.60154139779336, 0.2916304575853246], [32.60153829820377, 0.29170873957058663], [32.60154763313378, 0.29174631806330004], [32.60156007970698, 0.29179642241880543], [32.6015663059209, 0.2918402632228165], [32.601578750242645, 0.291877842732431], [32.60160985630905, 0.29191542743757837], [32.60164718251237, 0.2919655372130319], [32.60166895984634, 0.29201877583101876], [32.60167518752323, 0.29207201117511195], [32.60168763049251, 0.29209706493448234], [32.60170007357307, 0.29211898748237486], [32.60174050736314, 0.2921440485830739], [32.60177472135901, 0.2921722397667257], [32.60179960616831, 0.29220356001663444], [32.601821381251604, 0.29224427198003794], [32.6018462667371, 0.29228185555818725], [32.6018711520001, 0.29232570065503855], [32.60188049177268, 0.2924039867103818], [32.60188698458558, 0.2924311084300872], [32.601912647020335, 0.2924799077638125], [32.60194116340145, 0.2925602789697441], [32.60197537260056, 0.29257176915321803], [32.60202668813593, 0.29260335362894824], [32.60210936785166, 0.2926923505132362], [32.60219347756465, 0.29282583399856027], [32.60227045762126, 0.292923439929205], [32.60232747778393, 0.29298372844287085], [32.602367391610215, 0.29302391994945937], [32.60241301155193, 0.2931014265513473], [32.60245578518556, 0.29321050391753056], [32.6024985588189, 0.2933195794752511], [32.60252136898357, 0.29336550805647743], [32.60257269583615, 0.29348319860214606], [32.60262401633907, 0.29355209525929865], [32.60263542221786, 0.29357792884792605], [32.60264826107113, 0.2936654729664151], [32.602653969961146, 0.2937257469663702], [32.60266822919226, 0.2937745440854188], [32.60268819394496, 0.293852042528149], [32.60273667577039, 0.29401565440171623], [32.60277945633858, 0.29418213401118815], [32.60281082131467, 0.2942424152735552], [32.60284076521607, 0.29433570313231], [32.602874979278916, 0.2943873743441656], [32.60291774784691, 0.2944620101983834], [32.60293200915719, 0.2945280276290069], [32.60294056802888, 0.29457969248482707], [32.60295198014891, 0.2946571888123817], [32.602963393860506, 0.29474042644950993], [32.602969104928185, 0.2948150519162356], [32.60298051555698, 0.2948839389944512], [32.60299762893133, 0.29495856668414333], [32.60301759714477, 0.2950647680602097], [32.60303471270055, 0.2951537472146067], [32.603221417944944, 0.29506338671385207], [32.603611369259674, 0.2949601631142035], [32.60371626767681, 0.29492345274456366], [32.60380520279609, 0.29489362575834654], [32.60398649798309, 0.29485578725521405], [32.60408455753136, 0.29484433260614223], [32.60413701061991, 0.29485582707346086], [32.604127892479326, 0.29488797030019875], [32.604121058099516, 0.29493848381139676], [32.604084583004784, 0.2950372075137762], [32.60408458945441, 0.29508312894763516], [32.60410055887527, 0.2951313516445635], [32.6041438936591, 0.2951795825691844], [32.604184947296844, 0.29521173846692883], [32.60428529616236, 0.2952645764446561], [32.60437196059253, 0.2953036333356114], [32.604435818770334, 0.2953380907444943], [32.60453844699232, 0.2953817441563638], [32.60476764631036, 0.2954541322190397], [32.60487483544663, 0.29549319437579463], [32.60516219331886, 0.2956080753050814], [32.605451829740396, 0.29571147731387254], [32.605600068699154, 0.2957643260705424], [32.60557471253851, 0.2958712333260064], [32.60553376246618, 0.2960846899211726], [32.6054767723617, 0.2962640599526872], [32.60539483339938, 0.2963931948686167], [32.60532714411345, 0.2964864575082792], [32.60524519808332, 0.2965617773542859], [32.605166815916846, 0.2966442735135781], [32.605081304864676, 0.2966944783840439], [32.60501360748617, 0.29673751314129865], [32.60470717483761, 0.2968127741655257], [32.604546832135206, 0.2968486085575305], [32.6045468391924, 0.29690242452189985], [32.60457469449825, 0.2969981432936649], [32.604642689831884, 0.29706661356141156], [32.60471996000017, 0.29716931128014595], [32.604862121027764, 0.29722846660368807], [32.6050259073956, 0.2972440661952255], [32.60514333827837, 0.2972440966985654], [32.60531639172106, 0.29723480795888235], [32.605449272749745, 0.29722862002010947], [32.60551416698958, 0.29721619070896316], [32.60570888146298, 0.2974215984747011], [32.60577378268716, 0.2974651745419043], [32.60586032219399, 0.2975554291785681], [32.60591595263731, 0.2976021162196206], [32.60592059151899, 0.29762856478010447], [32.605914414972794, 0.2976534541267303], [32.60593914929524, 0.2977468033555074], [32.60596078802963, 0.297805927163528], [32.605963883505595, 0.29784326479895573], [32.60597934017627, 0.2978806065023215], [32.60599788860997, 0.2979335066749332], [32.606038073186845, 0.29801752525242753], [32.60609989638576, 0.29816377985443704], [32.60612771774054, 0.2982291274128823], [32.60614317294849, 0.2982571333793912], [32.60617407683901, 0.29826958788356117], [32.606232792293795, 0.29826960358881766], [32.60629459894816, 0.2982758420252951], [32.60634095467058, 0.2982851884954465], [32.60634096164875, 0.2983411947827049], [32.60633479129121, 0.2984189800126068], [32.60631164459825, 0.2986601106403052], [32.60630549324792, 0.29888413284932114], [32.606305508657364, 0.29900547935212896], [32.60630552563864, 0.2991330475694405], [32.60630245187014, 0.29926683919793123], [32.606300911274005, 0.29929950924949], [32.60689117768995, 0.2994832391741378], [32.607360916509805, 0.2996140434836309], [32.607625150137196, 0.2997245692958853], [32.60775494487226, 0.29975260657083025], [32.607847658482974, 0.29978685606916844], [32.607924915983666, 0.29979309868985254], [32.607977450409635, 0.29979311326685626], [32.608036160147364, 0.2997526792256802], [32.60836678860202, 0.2995069619596932], [32.609236620186245, 0.2988709001010045], [32.609556106892015, 0.29862548630944175], [32.61003228631594, 0.29825970957289755], [32.61023467824956, 0.29808707844826887], [32.61040328536243, 0.29789550410279264], [32.61045096530408, 0.2978413297369853], [32.610682699892855, 0.29756136075794914], [32.61105810987875, 0.29711185531126455], [32.61114771242656, 0.2969905318465322], [32.611271823515985, 0.2969052633687795], [32.61128328468858, 0.29689284024552137], [32.6114918208669, 0.2966668166548981], [32.611606723766066, 0.2965422769143957], [32.61183189851158, 0.29635003501081375], [32.61212548528907, 0.2961348501660983], [32.61228795353103, 0.29599425522594586], [32.612491746662435, 0.2957890932015088], [32.612805271227906, 0.2954476262911767], [32.61280526424656, 0.2953902230817232], [32.61282235296644, 0.2952725520382858], [32.61287506381122, 0.29508456967803776], [32.61294629888256, 0.29484636547594406], [32.613003295817016, 0.2947258351319765], [32.61309876495015, 0.29452351364689777], [32.61322702318902, 0.2943656889662798], [32.613372384106086, 0.29420499784215864], [32.6134835430503, 0.2940816104943609], [32.613670234724495, 0.29389366357858965], [32.613772843920486, 0.29379036600413133], [32.61387830139659, 0.2936755867971922], [32.61401226437098, 0.2935435945873083], [32.61406926677772, 0.2934718554562571], [32.61411771764099, 0.29339437380250505], [32.614169017583755, 0.2933082829860473], [32.61420036126273, 0.2932078363673591], [32.61438634318782, 0.2930392629320322], [32.61478893649515, 0.29259449408531335], [32.61510246356515, 0.29227885920765784], [32.61575266520738, 0.2915274060766439], [32.61589161083056, 0.2913552337727825], [32.61600740289658, 0.2912422507024037], [32.616046137396324, 0.2912148835245159], [32.61608782345733, 0.2911778559067381], [32.61610253673135, 0.2911704522322364], [32.61611234304429, 0.2911432930415421], [32.616146673408664, 0.2911087323249263], [32.6161981679719, 0.2910593611199214], [32.61627909014949, 0.2909902437271134], [32.6164139591053, 0.29087916210678555], [32.61646790703503, 0.2908297918870184], [32.61653901997735, 0.29076807833328966], [32.61667633662075, 0.29061255268329705], [32.61675725432493, 0.2905162730324159], [32.61697794543266, 0.2902965679781884], [32.617187601472565, 0.29008550255359683], [32.61744998252406, 0.28984605350214043], [32.61762408618955, 0.2896905363086206], [32.61784845849004, 0.289489351734207], [32.617941639172685, 0.28940048298886567], [32.61801765264809, 0.28930914016336956], [32.618051980805404, 0.2892597638171492], [32.618196653268946, 0.2890968323528188], [32.61848324586795, 0.28881510400907995], [32.61868860779492, 0.288583665063377], [32.61876216091312, 0.28843244358410297], [32.61880506237104, 0.28830281931563817], [32.61890272932474, 0.2879421037911921], [32.618986975986516, 0.2875138653154301], [32.61906741723969, 0.2872862526459844], [32.619347523864086, 0.2864978067419775], [32.619505530222334, 0.28602521887400995], [32.619987390121004, 0.28506501499490783], [32.62018490749321, 0.284558677986605], [32.620223804493016, 0.28439893467149163], [32.620703325374805, 0.2836153516907213], [32.620937258748256, 0.28274531583350077], [32.62127919013851, 0.281694037398888], [32.62142313240816, 0.28104150191614624], [32.6215123890183, 0.2806032463847692], [32.62145206180175, 0.2806165645208202], [32.62047551023994, 0.2806943477950745], [32.61985546187507, 0.2806317572377493], [32.61908041701923, 0.2806627705629763], [32.61847586425078, 0.2805533641807347], [32.617933334873484, 0.28058443761026225], [32.61749929952207, 0.2805218965514387], [32.61709626994955, 0.28049057821597567], [32.61658470890708, 0.2802719450529095], [32.61615067274238, 0.2802094030643322], [32.615515096637814, 0.27992830970781574], [32.61517799693424, 0.27971140132352257], [32.615095339727745, 0.27969473553750723], [32.6146724032103, 0.2795476022044687], [32.61443131852229, 0.27948512363317835], [32.61431421261343, 0.2793880031632825], [32.61402490317358, 0.2792561612494846], [32.61391398757815, 0.2791506741920923], [32.613900905170674, 0.2791382330290816], [32.61375362628877, 0.27896493461499594], [32.613750209683296, 0.2789609148554122], [32.613621051944634, 0.27888502944482346], [32.61350266152628, 0.2788524901591621], [32.613287405061854, 0.2787765819715917], [32.61300756380338, 0.27862480410308715], [32.61268466590391, 0.2784079993735528], [32.61216802696498, 0.27805027443261937], [32.611952736525055, 0.2777251365188345], [32.61192042936119, 0.2775625881746268]]]}}, {"type": "Feature", "properties": {"name": "Muyenga", "source_field": "VILLAGE", "source_values": ["MUYENGA A", "MUYENGA B"], "shared_parish": false}, "geometry": {"type": "Polygon", "coordinates": [[[32.6227972593602, 0.29368723685819603], [32.62277370868312, 0.2937702644809926], [32.62268441742207, 0.29414883135741426], [32.62263143350419, 0.29439000761307416], [32.62257747118604, 0.29464996662414167], [32.62255980836031, 0.29471322460779525], [32.62253428962329, 0.29476857330029527], [32.622469502099875, 0.29483775102069093], [32.622416495946915, 0.2949128622679476], [32.62232619141201, 0.295039364573489], [32.62222116075088, 0.2951806910300795], [32.622089630230406, 0.2953704459688991], [32.62196595096287, 0.29554636536322026], [32.621927667106036, 0.2955868826112224], [32.62183735970343, 0.2956916382608627], [32.62172938328402, 0.2958299989385207], [32.62151637790543, 0.2961116619362886], [32.62145944676596, 0.29620061064373143], [32.6213534342678, 0.29632908645644834], [32.6212925737799, 0.296402218794556], [32.621235637073404, 0.2964437206196397], [32.6211413965626, 0.2965109123403213], [32.62096567640923, 0.2966265197631187], [32.620818425125584, 0.2967193999191819], [32.62073203746863, 0.29677868650380806], [32.62059853094344, 0.2968834306584844], [32.620549447853286, 0.29692098004748946], [32.62049447189293, 0.2969407362007112], [32.62042673651839, 0.29698915418341776], [32.619856392678756, 0.2974526052441016], [32.619728776508154, 0.2975435128633856], [32.61961490218254, 0.29762651646598925], [32.6194539071063, 0.2977312541878159], [32.61931058057777, 0.2978162254084333], [32.61923008182335, 0.29785179054291583], [32.619202595229304, 0.29787352987579563], [32.6191564577362, 0.29791799951395287], [32.6190877431201, 0.29798322251664605], [32.61896994672386, 0.2980998324993417], [32.61885215032514, 0.29821644338226316], [32.61873631544125, 0.2983152622085113], [32.618588083932735, 0.2984269214112479], [32.61849776844699, 0.2984782996951301], [32.618401560790666, 0.2985178142447704], [32.618295535296106, 0.2985533721287716], [32.61820521545067, 0.2985750947624828], [32.618114895881135, 0.2985889101882426], [32.61799119512588, 0.29860469309369897], [32.61788320486145, 0.29862245787735703], [32.61776146908767, 0.2986501043724675], [32.61767115069842, 0.2986817119120152], [32.61760243206221, 0.29870739433267285], [32.617567091016596, 0.298731109273629], [32.61754199358626, 0.29876427884483947], [32.617494122832404, 0.2987492046054433], [32.61744026470522, 0.29869497048490085], [32.61738490669229, 0.2986151310776062], [32.61731608506146, 0.29852775854084307], [32.617193402342366, 0.298368076593034], [32.61703780538989, 0.2981692274845409], [32.616965990501896, 0.29807582854293097], [32.616894175136075, 0.2979703815180154], [32.616853776873256, 0.29790259525406126], [32.616754066246926, 0.29778667155569016], [32.61667583231976, 0.2976628947903577], [32.616477456660874, 0.2973928277729359], [32.616287460601, 0.2971115118395782], [32.616186875540066, 0.2969708523221564], [32.61618128278642, 0.29692866166759035], [32.616179882689515, 0.2969019408746418], [32.616042975942875, 0.2967134568703982], [32.61597871477813, 0.2966346856357354], [32.61595636514446, 0.2966262420519352], [32.615853012327065, 0.2966880937370349], [32.61570496635528, 0.29676399586737695], [32.61558205787015, 0.2968174049652596], [32.61546193913539, 0.29683706197676596], [32.615366962397935, 0.29685953806045945], [32.615241254933935, 0.2968763812090286], [32.61512951439054, 0.29687353916868653], [32.61500380211146, 0.2968481927669751], [32.61489624991414, 0.2968298820662103], [32.61479009330399, 0.2968129791497949], [32.61464483118101, 0.29681856604755047], [32.61446325210535, 0.2968213316622528], [32.61434033891398, 0.29682973753230996], [32.61423698048847, 0.29684658598317104], [32.614125243271474, 0.29687749611003167], [32.61393249735778, 0.29693088551111074], [32.613805393723574, 0.29693788439363067], [32.61361264481093, 0.29697439815058285], [32.613484144499814, 0.2969856156613129], [32.613310947044425, 0.2969968207248463], [32.61325868924938, 0.2970007778965024], [32.61311592188176, 0.2969544387868224], [32.61298936301424, 0.29693123741392136], [32.612931832829055, 0.2968810255399474], [32.61283978917853, 0.2968578344415402], [32.61273240460753, 0.2968269156334144], [32.61255599064849, 0.2967921176681986], [32.612337390573316, 0.29675344873720017], [32.612195494208216, 0.29675341111395637], [32.612022917175594, 0.296730199049055], [32.61186567913363, 0.29671857329745094], [32.611681597830234, 0.29670694115847185], [32.61158188710214, 0.2966991923452459], [32.61153586649811, 0.2966914581127411], [32.6114918208669, 0.2966668166548981], [32.61128328468858, 0.29689284024552137], [32.611271823515985, 0.2969052633687795], [32.61114771242656, 0.2969905318465322], [32.61105810987875, 0.29711185531126455], [32.610682699892855, 0.29756136075794914], [32.61045096530408, 0.2978413297369853], [32.61040328536243, 0.29789550410279264], [32.61023467824956, 0.29808707844826887], [32.61003228631594, 0.29825970957289755], [32.609556106892015, 0.29862548630944175], [32.60958091488198, 0.29864471689683403], [32.60964973228268, 0.2986959433720672], [32.60978138000144, 0.2987773081328136], [32.60993396873948, 0.29885265458883287], [32.60998483032043, 0.29886471625954353], [32.61007159649432, 0.2989008862310584], [32.61025560193099, 0.2989988317644328], [32.61044110212961, 0.29908924832374006], [32.6106385742408, 0.2992097895752479], [32.61085998304932, 0.2993634731733441], [32.611039504929536, 0.299490033749275], [32.61125493278511, 0.29965275251692236], [32.611301311264675, 0.2997054782067757], [32.61146587400699, 0.2998290237428656], [32.61166334810243, 0.2999706511778871], [32.611845862474084, 0.3001002254758938], [32.61190270867941, 0.3001273508528233], [32.61197451414673, 0.30015448038791553], [32.61210914812001, 0.30018764934439995], [32.61233353475849, 0.30022686773796603], [32.61240683646308, 0.3002555036753251], [32.612592333996545, 0.30032182228252263], [32.612771848083106, 0.3003911497533463], [32.61287656639245, 0.30044539837491696], [32.612966326338814, 0.30049964193483947], [32.61308002035581, 0.3005599171813991], [32.613232610191304, 0.3006322509543354], [32.61331937699391, 0.3006774572175299], [32.613385201186695, 0.3007226582038316], [32.6134270910957, 0.30076785290094166], [32.613460006883905, 0.3008130454659545], [32.613483949492704, 0.3008823329625317], [32.61354828962995, 0.30101338313603043], [32.61365003814714, 0.30123631562825914], [32.61370690054408, 0.30138995625163745], [32.61377872310553, 0.3015435992254026], [32.6138535400779, 0.3017213411833538], [32.61394631151921, 0.30192619898331674], [32.61400915610734, 0.3020617663535382], [32.61406302498968, 0.30219130709949155], [32.61409594456254, 0.3022816829131351], [32.61414083341954, 0.302375074572332], [32.61415281001354, 0.30245038432828664], [32.61414645698968, 0.3024846474389987], [32.61425116906654, 0.30248768563248535], [32.61443964844735, 0.3024786986716627], [32.61451144847732, 0.3024576313704491], [32.6146191501798, 0.3024425998081872], [32.614714885442446, 0.3024456358635293], [32.614768735321675, 0.30242757789705443], [32.61488540862722, 0.30238242418929645], [32.61497515917492, 0.30237341103975385], [32.61500508329775, 0.3024186016972483], [32.61500957668074, 0.3024683050586973], [32.61511728840043, 0.30252556650526785], [32.6152249940037, 0.30255270548537677], [32.615275858586756, 0.30258284154582155], [32.61532073881576, 0.3026159873757188], [32.61537160055449, 0.30262503816171116], [32.61545237345439, 0.30258891220436396], [32.615548106673835, 0.3025738756781858], [32.61564085127942, 0.3025738998249399], [32.61569769921525, 0.3026040379097855], [32.615721636934104, 0.30263416576319735], [32.61580540709617, 0.30264322406499194], [32.61597891412077, 0.30252278023718954], [32.61603575272745, 0.30248664798315983], [32.61605556994181, 0.3024689560984947], [32.616124378200794, 0.3024509004694566], [32.616229087561635, 0.30242984247703214], [32.61636969622805, 0.30240578121501027], [32.61655219035363, 0.30237570691096105], [32.61670775977421, 0.3023606860875238], [32.616905208638514, 0.30230651704767053], [32.61730758252787, 0.30216956580705356], [32.617705471153826, 0.3020582168989265], [32.618034552632196, 0.3019588982156652], [32.61828572732691, 0.3018628101873119], [32.61850273948947, 0.30177979224929014], [32.61876301054269, 0.30168346839261956], [32.618763006314296, 0.3016503332130373], [32.618727092414204, 0.30155694365499264], [32.618679212711385, 0.3014635518624867], [32.61867920985681, 0.30144246657952345], [32.61869416194231, 0.30139126206375194], [32.61871809190804, 0.3013611458641004], [32.6187539877817, 0.3013280201035272], [32.61880783560979, 0.30129188680396524], [32.61887963121583, 0.3012437096731579], [32.61897535916555, 0.3011744535357934], [32.61906809443512, 0.30110820818074807], [32.61927899354987, 0.3009561448599038], [32.61937472139141, 0.3008898996035768], [32.61945549223154, 0.30083570099822304], [32.619515322614596, 0.30079655700985436], [32.61958412633153, 0.3007544042566472], [32.61963199070082, 0.300721281625119], [32.61970378720187, 0.300673104479384], [32.61975165067212, 0.30063998184637203], [32.61987729261647, 0.3005466341869957], [32.620020883234965, 0.30044124359246543], [32.620116607418076, 0.30035090123543484], [32.62017643573203, 0.300293683746391], [32.62024224729148, 0.3002394800728479], [32.62031105052591, 0.30018527831304365], [32.62051596271801, 0.3000061031180827], [32.620614677775755, 0.29991274815094265], [32.62073134330351, 0.29980735115105], [32.62085099960623, 0.2997019533474911], [32.62094373369042, 0.29961763445360756], [32.621069373549645, 0.2995062141645623], [32.62118005599145, 0.29941888771708774], [32.621358050189905, 0.2992939256711899], [32.621432835972676, 0.299236713207575], [32.62152258113603, 0.29917649127962054], [32.62157343568803, 0.29913433243356047], [32.62164523058836, 0.299080130752752], [32.62173497426515, 0.29901087252531205], [32.62179779424143, 0.2989536560165328], [32.62184864889581, 0.29890848627458505], [32.62191745260141, 0.2988663325751187], [32.62197728366399, 0.29883321304621085], [32.62202514861061, 0.29880912758366335], [32.622090963128414, 0.2987729973704383], [32.62215677733461, 0.2987459043559346], [32.62222259333824, 0.2987188113406962], [32.62228242509177, 0.2986917163062377], [32.622333280331866, 0.2986555828531125], [32.62236020264924, 0.29863149122773225], [32.622423026665935, 0.2986134344006034], [32.62250080799037, 0.2985742964212368], [32.622578586341994, 0.2985170840402272], [32.62267281654187, 0.29843728330167346], [32.62283734539964, 0.29830177445486056], [32.62293007936106, 0.29822046821108217], [32.62304674534462, 0.2981271192278126], [32.623124523000236, 0.2980638814315794], [32.62320529084362, 0.29799160834617305], [32.62327110030653, 0.2979193320250528], [32.62333391878484, 0.29785307919290693], [32.62337579760797, 0.297804893701525], [32.623441604784944, 0.29772056747346914], [32.623520870744834, 0.29760160468521013], [32.62356872786319, 0.2975172742122164], [32.62365846310685, 0.29737873374267393], [32.62369435549384, 0.2973154863379772], [32.623733238966025, 0.2972432018348359], [32.62378408567582, 0.2971407988668748], [32.62389176462396, 0.29695105483448525], [32.623951589719724, 0.29688178827665873], [32.624012904116825, 0.2967537849341591], [32.624063750920335, 0.29664836835181063], [32.62411459831293, 0.29655198987449505], [32.624171430545346, 0.29646464970872416], [32.62423424224937, 0.29635923715328905], [32.62429107309101, 0.29625984708018305], [32.62431201006674, 0.2962146690293576], [32.62428495733029, 0.2961894853448338], [32.624222114090024, 0.29611236705084737], [32.624151411586006, 0.29599373019400066], [32.62407677700985, 0.2958335758153666], [32.62395795782287, 0.2956368368485784], [32.62377334707031, 0.295330357271904], [32.623683990891536, 0.2952107264057218], [32.623542587152365, 0.29498926894876126], [32.62335306637264, 0.29467389225456836], [32.62322933499922, 0.29445243903623375], [32.62311935311638, 0.2942626205685992], [32.62302312122095, 0.2941162994763692], [32.62296027513379, 0.2940174345608147], [32.622897424926585, 0.2938810067742018], [32.62285028168506, 0.2937445831467176], [32.62281100362913, 0.29368724094836496], [32.62280532223328, 0.2936872389441151], [32.6227972593602, 0.29368723685819603]]]}}, {"type": "Feature", "properties": {"name": "Kabalagala", "source_field": "PARISH", "source_values": ["KABALAGALA"], "shared_parish": false}, "geometry": {"type": "Polygon", "coordinates": [[[32.60144597298203, 0.29781020981165013], [32.60128795184357, 0.2977147142717575], [32.601163966354136, 0.2976339116164853], [32.60105213797947, 0.29758003728320276], [32.60093788456657, 0.2975628742999859], [32.60080054046431, 0.2975787469618044], [32.60069601407713, 0.2975909576461225], [32.60061336352614, 0.29759093560697786], [32.60045048557262, 0.2975321513269214], [32.60030462328056, 0.29746602954744467], [32.599903189785636, 0.2972202513562706], [32.59965401415309, 0.2971467605094121], [32.59935622113465, 0.297082433514711], [32.599195169520044, 0.2970426184130262], [32.599116163533736, 0.2970303593588074], [32.59905842396195, 0.29698445301478116], [32.59898852697405, 0.29692018688912497], [32.59897637045598, 0.29690182710720886], [32.59882014270887, 0.29686736898667204], [32.59870251704837, 0.2967647087180088], [32.59857705687477, 0.2967094152956413], [32.598459435463134, 0.2966383331183143], [32.59833397105192, 0.2965514597991748], [32.59820067000649, 0.2964961633750785], [32.59808305619032, 0.2964882382790732], [32.5979811256463, 0.29648821099641093], [32.59791055923505, 0.29649608753420464], [32.5979027295714, 0.2965829242684624], [32.59788706448995, 0.2967171278425964], [32.59788707933397, 0.29682765114496096], [32.597871832475185, 0.2969030665135102], [32.59787185138334, 0.2970499194521893], [32.59787185633462, 0.29708663268686436], [32.59786882198977, 0.29712334399971585], [32.59784148946831, 0.2972334772636277], [32.59783542235065, 0.29731302117388214], [32.59752244360756, 0.2973007009729365], [32.59702562280638, 0.2972562078026199], [32.59653032185529, 0.29720712687497475], [32.59643004768151, 0.2972040417024297], [32.59642094350715, 0.2972958208153447], [32.59639665139331, 0.2974243116868687], [32.5963480606418, 0.2976384589157954], [32.596326803323265, 0.29774247380972335], [32.59632681040073, 0.29779448481869136], [32.596326813883174, 0.2978220197394174], [32.59637847730386, 0.29787404262259637], [32.59646661047623, 0.2979750271827852], [32.59652891294966, 0.29805917860916253], [32.59661097034064, 0.29818157658336597], [32.5966322436139, 0.2982060579879208], [32.596785710924365, 0.2983300056814995], [32.59686168377436, 0.29839427294687854], [32.5969346219346, 0.2984799564524543], [32.597013639698346, 0.2985870583476248], [32.59712000910566, 0.29872475954267164], [32.597174713626245, 0.298801260446246], [32.59721118618927, 0.29887163667268485], [32.597232463619456, 0.2989297715738172], [32.59741021544478, 0.29886403997807376], [32.597464909411435, 0.2988609949430697], [32.59751657486459, 0.2989313762606344], [32.59758648216031, 0.2990813069138952], [32.59759867011211, 0.2993444212848789], [32.59760487903215, 0.2994660094479087], [32.59760507480081, 0.2994698427220768], [32.59761085536247, 0.29958305956452375], [32.59755467299872, 0.299835447826503], [32.597487837888856, 0.29993945198227295], [32.597414928334246, 0.3000771066894041], [32.59739799569309, 0.3001482843102642], [32.59738305367616, 0.3003391590843082], [32.59732072657428, 0.3006053683947187], [32.597074788957904, 0.3012341361323044], [32.59693137619783, 0.3013942105601765], [32.59666012655772, 0.30158878499508013], [32.596181162953826, 0.3020065983945017], [32.59602917398141, 0.30214783363026515], [32.59588110183644, 0.3024460429241965], [32.59586943307646, 0.3026265588236675], [32.59584789046905, 0.30273952762366585], [32.595793479804165, 0.3030248564403505], [32.5957818072704, 0.30318575003179526], [32.59575844697809, 0.30338588417002105], [32.59661591982084, 0.30335864050540634], [32.59711676968969, 0.30339997767748217], [32.59723370585805, 0.30345887345264266], [32.59732694281781, 0.303504890654701], [32.59739429354516, 0.3035049085818169], [32.59743669769755, 0.30349236182315675], [32.59748159816444, 0.30348483902698187], [32.597521505572296, 0.3034547108956314], [32.59757139445594, 0.3034497006738929], [32.597676163673505, 0.30345726350562713], [32.59785576897279, 0.30347991524435264], [32.59800045324336, 0.3035176264122388], [32.59830728392235, 0.30359054244661793], [32.598584178532846, 0.3036534050867208], [32.59889475329317, 0.30374515827763604], [32.59909930564035, 0.3037929321022073], [32.59932132315875, 0.30385326851890304], [32.599557058727505, 0.3039173762934622], [32.599729184328865, 0.3039676522327671], [32.599876366909406, 0.3040304801218664], [32.59997615226324, 0.3040832494400657], [32.60000772538087, 0.30410267571623434], [32.60003566822691, 0.304136839626725], [32.60006960198044, 0.3042091817370528], [32.60010753324366, 0.30432371889739784], [32.600152455071445, 0.30449150319251217], [32.60017442080146, 0.3046000089379176], [32.60022432495644, 0.30471655863369657], [32.60025027680417, 0.30478688836528073], [32.60028820581672, 0.3048893711368097], [32.60030816526035, 0.30491348700903914], [32.60035206631606, 0.30490897776656517], [32.60044685704195, 0.3049090030536412], [32.600481780936875, 0.30491403547814616], [32.60050423282075, 0.3049265991666601], [32.60055911095357, 0.3049266139011834], [32.60065078247124, 0.30492475455224394], [32.60074120813102, 0.3049310565700911], [32.6008409889385, 0.3049373616538118], [32.60091582347135, 0.304946799722671], [32.60098442303779, 0.3049562357469797], [32.601024957747356, 0.3049499676129965], [32.60110602861449, 0.3049468494055538], [32.60116527158806, 0.3049468652060861], [32.601196456159656, 0.3049751287057693], [32.60124947250243, 0.30504107160532856], [32.60129312626147, 0.30504108320019746], [32.60135237146667, 0.3050536564156447], [32.601380437107984, 0.3050725008323252], [32.601417856998225, 0.3050913474104878], [32.60147398304003, 0.30510078115457695], [32.60151140437859, 0.305129045794394], [32.601576886900176, 0.30515103821060424], [32.60157689535317, 0.30521382800274055], [32.601573781745884, 0.30525463948604387], [32.601573791529, 0.3053299866937135], [32.601551973099625, 0.3053927702356789], [32.60155197998665, 0.305449280415091], [32.601558234749824, 0.30559369726190777], [32.60156448462105, 0.30570044095749177], [32.601605016558985, 0.30567219644247445], [32.60176091032231, 0.3055811927162293], [32.60189185103283, 0.3054336724354115], [32.60195730666621, 0.3052359046414218], [32.602057480060374, 0.30480978497093314], [32.602122323581746, 0.30449321113799166], [32.60221110489584, 0.3040319148751809], [32.60224900558783, 0.30378267238284723], [32.60225463977631, 0.30364917495105254], [32.60226194335015, 0.3034761343850775], [32.602253920058104, 0.3031826578505164], [32.60224490040213, 0.3029062658797784], [32.60222490354224, 0.3026529880133041], [32.602223867486266, 0.30235649723692853], [32.60229569515419, 0.30202082876303776], [32.60240246558738, 0.3017143159572438], [32.602430406888566, 0.30164397012799277], [32.602561130265094, 0.30131736271242787], [32.602615148156346, 0.30117563417685894], [32.602636969934544, 0.3011183820288284], [32.602871493061805, 0.3006711955581897], [32.60289744034262, 0.3006216815698937], [32.603052124628434, 0.3003265101588759], [32.60316190407862, 0.30013356966170257], [32.603436353632546, 0.2996743320026188], [32.60370281893447, 0.29922715474401357], [32.6039692816941, 0.29874982426317115], [32.60401019116911, 0.2986181737044404], [32.60402615686804, 0.29856993498036494], [32.60400552222825, 0.2985533426897667], [32.60383389554913, 0.2984970388206324], [32.603403836847136, 0.29841555184375335], [32.603060590797135, 0.29837527591301516], [32.6026185592523, 0.29829177639833776], [32.60234116489923, 0.2982294161101787], [32.601975956843646, 0.29810072808495996], [32.601574818922145, 0.2978787745957356], [32.60144597298203, 0.29781020981165013]]]}}, {"type": "Feature", "properties": {"name": "Ggaba", "source_field": "PARISH", "source_values": ["GGABA"], "shared_parish": false}, "geometry": {"type": "Polygon", "coordinates": [[[32.63965401776412, 0.25942450669146006], [32.639653781415866, 0.25768968473407095], [32.63983495232864, 0.256228828028482], [32.640197441568276, 0.2544027919055552], [32.64028790165934, 0.2527592999608031], [32.64001557066841, 0.2507504893697467], [32.640015295205956, 0.24874174796812726], [32.64001508147569, 0.24718953944163571], [32.63974273662132, 0.24508942231132794], [32.63965185047463, 0.24362849639981282], [32.63937953152927, 0.2417109929493988], [32.63892492976935, 0.24027546179376805], [32.637050957651304, 0.24100777128199677], [32.6360321410328, 0.24171281821814875], [32.63469037973616, 0.24252312071775448], [32.63437887066109, 0.24269453330518867], [32.63437907397302, 0.24417152635509062], [32.633905571403695, 0.24560224262283922], [32.63307289579607, 0.24645591784409504], [32.63244645012266, 0.24688654791538453], [32.632378558964746, 0.24696466463431677], [32.63201866050095, 0.24737877025036456], [32.631858540012594, 0.24777588004854587], [32.63169957767181, 0.2487903917085233], [32.63129313252997, 0.24987603499902494], [32.63106345727826, 0.25089052823401237], [32.63059428991451, 0.2516048912339931], [32.63033881080715, 0.25199389005401845], [32.62949849953563, 0.25271047950442943], [32.62943434595574, 0.25291078718113386], [32.629251482174524, 0.2532887712769523], [32.62905258916327, 0.25377983623273426], [32.62885368861963, 0.25421920569702433], [32.628606623885744, 0.2544420833630305], [32.62830504673256, 0.25497835659450463], [32.62783659301297, 0.2554564290211473], [32.62757031626415, 0.255995942982244], [32.62729824449858, 0.25639393476628075], [32.6272674475652, 0.2564714716102294], [32.627221252688265, 0.25658519300691535], [32.627154525026555, 0.2567299247334809], [32.62709806704, 0.2568850003770222], [32.627036473463434, 0.2570297340605583], [32.62698514134462, 0.2571279448518478], [32.62699028664187, 0.25720549090096073], [32.62695435560648, 0.25728302577635603], [32.62687737004747, 0.25750530127199117], [32.62687738034996, 0.2575828453579781], [32.62687740095285, 0.2577379353394013], [32.626887712132735, 0.2580481165133948], [32.626851801086545, 0.25827040136949253], [32.6268133217156, 0.2584901013741471], [32.62676712188629, 0.25855729503485914], [32.62664391824574, 0.25873303146060145], [32.62657205912049, 0.25890878118014626], [32.62655666399493, 0.2589708134518116], [32.62651049874647, 0.25929648889042184], [32.62643265092875, 0.25962212899382814], [32.626434929937744, 0.25998597040609256], [32.62620582580987, 0.26041861751116263], [32.625738827008014, 0.26130319719516365], [32.62543023563043, 0.2618832480085985], [32.62515250448355, 0.262403222081191], [32.62465827151004, 0.2633086272260326], [32.62460459999173, 0.26340899652255684], [32.62432857727994, 0.2639224240094939], [32.62425048775818, 0.26397244241998163], [32.623801363139684, 0.26426011632946833], [32.62236925634167, 0.2651574048582625], [32.62109052675364, 0.2660045412133659], [32.62013775211859, 0.2669405611936494], [32.61934217595399, 0.267733768470684], [32.618698042712495, 0.2683436218005497], [32.61867120768574, 0.26839766770809387], [32.6184526927156, 0.2688338916313199], [32.618277870360124, 0.2692035850999352], [32.61807965057262, 0.2695917050345288], [32.61763732330401, 0.27044741531884176], [32.61754188638689, 0.2706507179373805], [32.6172830987397, 0.27115897109694903], [32.61702614829639, 0.2716838592670407], [32.616903725652605, 0.27190195849372595], [32.616817369507984, 0.27205580333179097], [32.616592514745456, 0.27233300966600443], [32.616188672825146, 0.27267486560635323], [32.615640238630405, 0.2728803609474359], [32.61556125238024, 0.2728958669965029], [32.615556338085156, 0.2729076208873185], [32.61541634267877, 0.2732424602071395], [32.6152925878956, 0.2737198052357184], [32.61522015012649, 0.27401776786042314], [32.615147728695725, 0.2744495169365932], [32.61500886026192, 0.2748082741815733], [32.614936397596765, 0.27492987989909623], [32.61454989317665, 0.2752824914058322], [32.614326430241405, 0.2753675715388614], [32.61392177431811, 0.2754769291326381], [32.613887734252756, 0.2754863867992004], [32.613287612531764, 0.27565312032058187], [32.613163802223085, 0.2757047790328811], [32.61296453580106, 0.276069601163865], [32.61246934511674, 0.27665327195333966], [32.61211303036858, 0.27692683480554847], [32.61185149901774, 0.2771192144552781], [32.611855825841886, 0.2773458500000378], [32.61192042936119, 0.2775625881746268], [32.611952736525055, 0.2777251365188345], [32.61216802696498, 0.27805027443261937], [32.61268466590391, 0.2784079993735528], [32.61300756380338, 0.27862480410308715], [32.613287405061854, 0.2787765819715917], [32.61350266152628, 0.2788524901591621], [32.613621051944634, 0.27888502944482346], [32.613750209683296, 0.2789609148554122], [32.61375362628877, 0.27896493461499594], [32.613900905170674, 0.2791382330290816], [32.61391398757815, 0.2791506741920923], [32.61402490317358, 0.2792561612494846], [32.61431421261343, 0.2793880031632825], [32.61443131852229, 0.27948512363317835], [32.6146724032103, 0.2795476022044687], [32.615095339727745, 0.27969473553750723], [32.61517799693424, 0.27971140132352257], [32.615515096637814, 0.27992830970781574], [32.61615067274238, 0.2802094030643322], [32.61658470890708, 0.2802719450529095], [32.61709626994955, 0.28049057821597567], [32.61749929952207, 0.2805218965514387], [32.617933334873484, 0.28058443761026225], [32.61847586425078, 0.2805533641807347], [32.61908041701923, 0.2806627705629763], [32.61985546187507, 0.2806317572377493], [32.62047551023994, 0.2806943477950745], [32.62145206180175, 0.2806165645208202], [32.6215123890183, 0.2806032463847692], [32.62208758386491, 0.2804762640880773], [32.62280061430278, 0.28036719781281516], [32.623327635837974, 0.2802736910224083], [32.62405615434268, 0.2800709871023424], [32.624862177356704, 0.27985269466101964], [32.62585420809401, 0.27960323617677896], [32.62628820172337, 0.2793536337659306], [32.62642769894588, 0.27926002644558406], [32.6266369572734, 0.2792210616737874], [32.62793897997229, 0.2787687891775259], [32.628993008004706, 0.27847252491685753], [32.62979901359409, 0.2781293747234354], [32.630698029686776, 0.2778174626887087], [32.63151954972564, 0.2775679590051985], [32.63195355884613, 0.2774276069336332], [32.632310060840204, 0.27727162612622874], [32.63284484585415, 0.27727956741038723], [32.63355792810713, 0.27754507436283865], [32.63399197220189, 0.2776700429320903], [32.63467400848861, 0.27760779003186253], [32.635433561256185, 0.27763920029164957], [32.63676663394438, 0.2775302933096896], [32.63746417512658, 0.2774992570465365], [32.638053225869086, 0.2775930519969617], [32.638549250123035, 0.27753075142976896], [32.63895227045603, 0.2774840326024959], [32.6389672436797, 0.27356662608345583], [32.63895165443238, 0.272911118405421], [32.63895770254108, 0.2719227723733615], [32.63919795999848, 0.26767565663439924], [32.639185782001434, 0.2655098073717595], [32.63919430192584, 0.2619703007673046], [32.63917710351663, 0.26180317552390503], [32.63965421762759, 0.2608854092955727], [32.63965401776412, 0.25942450669146006]]]}}, {"type": "Feature", "properties": {"name": "Mengo", "source_field": "PARISH", "source_values": ["MENGO"], "shared_parish": false}, "geometry": {"type": "Polygon", "coordinates": [[[32.56702738810522, 0.30328265949366373], [32.56687466983851, 0.30328264876306543], [32.566495937620644, 0.3032518859242131], [32.566214938760126, 0.3032457206591558], [32.5660377962751, 0.30320882394390575], [32.56581178782628, 0.3031534809385439], [32.56556134443689, 0.3031042844321619], [32.56548132215048, 0.3030312838394527], [32.56544850512215, 0.30308787022578576], [32.56513914513948, 0.30339909098388385], [32.56462823681296, 0.30389421444822495], [32.56422044687693, 0.304295028894812], [32.563929829190386, 0.3046109674368419], [32.56390170413173, 0.30464397457303444], [32.56362985200795, 0.30487974581880717], [32.56329705974967, 0.3052003969934478], [32.56292911423849, 0.30554698195368374], [32.56261975937916, 0.3058393401654479], [32.56241821207476, 0.30601852560269077], [32.56232915758931, 0.30609397187711007], [32.56266129090103, 0.30654948552246114], [32.56330570186768, 0.30736543626181356], [32.56335086827579, 0.30742151558953074], [32.563704309673675, 0.30786035733533657], [32.563930189615185, 0.3081345703188295], [32.564499292548696, 0.30886311240806885], [32.56496212442208, 0.3093808150243384], [32.56499676189136, 0.3094195588074571], [32.565203119139575, 0.3096532654245479], [32.56535720789215, 0.3098509407512288], [32.56539227646659, 0.3098959288549698], [32.56552553974702, 0.310066887270867], [32.56591981950159, 0.310545429520043], [32.56603773976882, 0.3106752664869915], [32.56607827074489, 0.31073461979100797], [32.56613344679878, 0.3108055856444213], [32.56652965744667, 0.3113151749230625], [32.566656785209304, 0.31147283299344014], [32.566560916933355, 0.31159152860502776], [32.56646504940031, 0.3117139326144232], [32.56638020387979, 0.31196987572831203], [32.56626587147584, 0.3122221082939747], [32.56616260586779, 0.3124372482523966], [32.56606486425018, 0.3126764989259239], [32.565950527602496, 0.31294356869094037], [32.56592534093813, 0.31300267225902084], [32.565850943927984, 0.3131772553123794], [32.56573512778593, 0.3134290743213267], [32.565657317852875, 0.3135982606329292], [32.565535603083426, 0.3138875867936286], [32.56542495164895, 0.3141583668813927], [32.56538071883514, 0.3142775748652948], [32.565512854009775, 0.31428177467786317], [32.56563029507813, 0.3143080478576583], [32.56576731206389, 0.31432775639189087], [32.56594347736706, 0.3143540338588521], [32.56608702074585, 0.31436717628931793], [32.56614575146278, 0.3143409150701135], [32.56619797290492, 0.31425555708934216], [32.56630238508132, 0.3141964677194], [32.566674342954705, 0.31404546938366373], [32.56697451761604, 0.3139272971743571], [32.56733995028313, 0.31377629851345185], [32.567610771244425, 0.31362857542621786], [32.567930538924536, 0.3134381747229317], [32.568185053635474, 0.3132674694939005], [32.56850481159663, 0.3131164670152951], [32.56881151148467, 0.3129982958640922], [32.568881330498336, 0.31298048867447154], [32.569274808470134, 0.3128801339385972], [32.56944542164286, 0.31282485879301797], [32.56946730895248, 0.31281776768933955], [32.569565137572944, 0.31280065376142663], [32.56956486313497, 0.31261219648093996], [32.569579721236124, 0.3125136824046829], [32.569603502396774, 0.31232262418044826], [32.56961543120362, 0.31208380043258577], [32.56964515490242, 0.311856918680264], [32.56968083845315, 0.3115225676648263], [32.5697402739672, 0.3111165691793658], [32.56977888745098, 0.3109284980052344], [32.56981456206039, 0.3106359400234889], [32.56985650255048, 0.3103778354365013], [32.569862100847324, 0.3103433834334899], [32.56989779794799, 0.3099612664642898], [32.569933473655986, 0.3096627373914056], [32.56995991937164, 0.30953574715120724], [32.56998693674807, 0.30940600480788855], [32.569987186951394, 0.3093967930681034], [32.56999470834597, 0.3091198790500718], [32.570000872936525, 0.30890471862322916], [32.57004372155556, 0.3085666106123105], [32.570123246648826, 0.30813629341323734], [32.57013389019876, 0.30798688201015584], [32.5701355087157, 0.30796416482545236], [32.57013556094674, 0.30776129823807225], [32.5701845238757, 0.3074047479641306], [32.570239557866465, 0.30718959043116], [32.570294585467046, 0.3069990228942962], [32.57031294833259, 0.3068545587515023], [32.57035578931846, 0.30654718821286353], [32.570429199663224, 0.3061414598184491], [32.57045369408876, 0.3059078576210342], [32.5705148658556, 0.3055820462192672], [32.570545470290156, 0.30534844336029204], [32.57059797745895, 0.3050134687016072], [32.57060665808902, 0.3049580836500041], [32.57066783413792, 0.30461382973216833], [32.57071068980513, 0.3042511316621558], [32.570735189391954, 0.30399908694807204], [32.57077193601881, 0.30363331442195113], [32.5708025626775, 0.3033136492555372], [32.57082094558913, 0.3030923408860795], [32.570832617382905, 0.3027999673215847], [32.57076490513239, 0.30281235187933214], [32.569933101262926, 0.30292311723169074], [32.56951602834731, 0.3029796791156589], [32.56899117164922, 0.30305038084446245], [32.56802346939982, 0.30317528472126104], [32.56774229202315, 0.3032271393861348], [32.56745175079644, 0.30325069888552036], [32.56716823794584, 0.30327661723696314], [32.56702738810522, 0.30328265949366373]]]}}, {"type": "Feature", "properties": {"name": "Bukasa", "source_field": "VILLAGE", "source_values": ["BUKASA"], "shared_parish": false}, "geometry": {"type": "MultiPolygon", "coordinates": [[[[32.625162092408196, 0.286525041717176], [32.62505190534287, 0.28653106436221587], [32.624961753868384, 0.2865451613534598], [32.62481550956071, 0.28657537941053274], [32.62470933017086, 0.2865935063725692], [32.624599147640396, 0.28662575218868047], [32.62451801382788, 0.2866549790309608], [32.62447194030612, 0.28669732722371777], [32.62442186191117, 0.2867517767555399], [32.62432169972318, 0.28680621375919535], [32.6241914864354, 0.2868747624128874], [32.62408331207014, 0.28694533383792126], [32.62403323227457, 0.2869876800819592], [32.6239871625789, 0.28705019980233704], [32.62395311113239, 0.28710263687100196], [32.623915049086136, 0.28712279808492036], [32.62373374855669, 0.2871802396360758], [32.623557456983406, 0.28724474265261885], [32.623276995219655, 0.28736166228157956], [32.62315078840254, 0.28742416120986525], [32.6230906925914, 0.28747659106275064], [32.62304662685784, 0.2875411283521248], [32.62300557106397, 0.2876510507824722], [32.622961513772566, 0.2877861875248422], [32.6229354794517, 0.28786283231654436], [32.62289341901037, 0.2879435061706584], [32.62279927473031, 0.28806652708734093], [32.62268810297473, 0.28820063652179495], [32.62264603953702, 0.28826315726005347], [32.62263202512489, 0.2883337535257758], [32.62262002172114, 0.2884648644502429], [32.622597997418595, 0.28856369751180583], [32.62257096764804, 0.28868572730194014], [32.62255495657181, 0.28880473390487], [32.62254095497033, 0.28897618691565574], [32.62253696297447, 0.28908712748285736], [32.62252194803151, 0.28916680071998624], [32.62249992365175, 0.28926765219798334], [32.622412830123565, 0.28969223571153785], [32.622382798201166, 0.28983141065074236], [32.622364784463876, 0.2899625186510222], [32.62234276654038, 0.29011178143447375], [32.62231773918271, 0.29022775964345565], [32.622295710476365, 0.2902963363064354], [32.622265667697555, 0.290356842637539], [32.622219603598275, 0.2904657561138754], [32.62217754527655, 0.29056256735021924], [32.62213748849507, 0.2906533279185207], [32.62208742013692, 0.29078241097457536], [32.62203434080475, 0.2908706469420634], [32.622001795528774, 0.2909488032711881], [32.621949217821545, 0.2910319963712456], [32.6219091590997, 0.29110006305952096], [32.62189163740173, 0.29116309396597484], [32.62187661939875, 0.2912261258622245], [32.62181902748077, 0.29127149626711646], [32.62174000303642, 0.29134762353991267], [32.621780083279575, 0.291441227638663], [32.621813754723654, 0.29154612779248557], [32.62182978874999, 0.29160099840761206], [32.62187147222048, 0.2916946034676246], [32.62191876663538, 0.2917987007014807], [32.621987703241714, 0.29194395145335994], [32.62213598929373, 0.29220944427749934], [32.62219530424324, 0.2923159647543634], [32.62226103540117, 0.2924579882845788], [32.62233879128778, 0.29263793698359636], [32.622469451688715, 0.2929308592822213], [32.622595301369955, 0.29320118706569503], [32.62268989014342, 0.2934109937643119], [32.62278928234037, 0.29359336785621354], [32.62279890111051, 0.2936111214128823], [32.62280532223328, 0.2936872389441151], [32.62281100362913, 0.29368724094836496], [32.62285028168506, 0.2937445831467176], [32.622897424926585, 0.2938810067742018], [32.62296027513379, 0.2940174345608147], [32.62302312122095, 0.2941162994763692], [32.62311935311638, 0.2942626205685992], [32.62322933499922, 0.29445243903623375], [32.62335306637264, 0.29467389225456836], [32.623542587152365, 0.29498926894876126], [32.623683990891536, 0.2952107264057218], [32.62377334707031, 0.295330357271904], [32.62395795782287, 0.2956368368485784], [32.62407677700985, 0.2958335758153666], [32.624151411586006, 0.29599373019400066], [32.624222114090024, 0.29611236705084737], [32.62428495733029, 0.2961894853448338], [32.62431201006674, 0.2962146690293576], [32.62435986785808, 0.2961363630372183], [32.62444211959957, 0.2959782406164666], [32.624483995628935, 0.2959059571059779], [32.62451390534195, 0.2958487330758156], [32.62454680474931, 0.29577042294591377], [32.62459765282133, 0.2956800680510085], [32.6246425189294, 0.2956017610445914], [32.62468439395317, 0.2955324911368543], [32.62472327819903, 0.29546321931620834], [32.62476216164733, 0.2953909347923786], [32.62478908037423, 0.2953397333458763], [32.624818988793756, 0.2952674476082541], [32.624851888888124, 0.29519516197258283], [32.62487431473462, 0.2951032943162576], [32.624895250107585, 0.29505209085350653], [32.624931141874995, 0.29497980712804245], [32.62496703572702, 0.29492559599782076], [32.62500891382855, 0.2948713859765721], [32.625035836230474, 0.2948442825275331], [32.625095660806984, 0.2947629669390394], [32.62514651362904, 0.2947177962349108], [32.625188393916424, 0.2946786488188904], [32.6252183079931, 0.2946515463752286], [32.62526916320557, 0.2946154128723038], [32.6253260002766, 0.29457024327474474], [32.62536788056303, 0.2945310949518184], [32.625418733484814, 0.29448291154101164], [32.62546360315617, 0.2944317152225404], [32.625508472029786, 0.29437750710540384], [32.62558026499814, 0.2942992064270172], [32.625635605235516, 0.2942434941231268], [32.625707395708524, 0.2941591698455617], [32.62576722316064, 0.2940989404475277], [32.62580910035523, 0.29404473131890363], [32.62584499718529, 0.29400859367899773], [32.6259257626819, 0.2939242715109977], [32.62597362561891, 0.2938790997873198], [32.62602148696039, 0.29382790356194405], [32.626081313611316, 0.29376466235956844], [32.62613815008003, 0.2937104564488078], [32.626200969203076, 0.2936502280487149], [32.626242846494186, 0.2935930053059412], [32.62629669198229, 0.2935448237917957], [32.62635652072068, 0.293499655182855], [32.62639541061686, 0.2934755675453245], [32.6264402822689, 0.2934454574186446], [32.62647122706215, 0.2934199454884241], [32.626519306007836, 0.2933917181828786], [32.626619470600716, 0.29334938450754566], [32.62674267452411, 0.2933040307656295], [32.626898931580165, 0.29323145434185194], [32.626973053046484, 0.2932052508579827], [32.62712931079962, 0.29313872607045566], [32.627259523268364, 0.2930721949692876], [32.62735768270143, 0.2930096887661559], [32.62743580666595, 0.29293507497818244], [32.627477871477595, 0.2928866750131664], [32.62749188932738, 0.29284835263354575], [32.62752092253403, 0.29271825549336167], [32.6275148907016, 0.2925548654401773], [32.627488830505854, 0.2924358483037044], [32.62743170254897, 0.2922028549398286], [32.62739562227596, 0.2920535765367042], [32.627369565000706, 0.29195473094446983], [32.627377565557566, 0.29185589373714826], [32.62743062809254, 0.291651168309704], [32.627464676718745, 0.29157654307447173], [32.62752275990635, 0.2914595634752326], [32.62759086057673, 0.29134258782945943], [32.6276859945757, 0.29113182211295374], [32.62775609348776, 0.29097248683247373], [32.62784621997904, 0.2907647454035256], [32.62791931654904, 0.2905600251502029], [32.6279493536611, 0.29045312494050235], [32.628007427538904, 0.29026352921758597], [32.628064488737785, 0.28998820530493324], [32.62809252173804, 0.28988332163565333], [32.628144582622966, 0.2896654840964435], [32.628187629201996, 0.28946680813451703], [32.62821565882755, 0.2893276330188404], [32.62823568143412, 0.2892388837800794], [32.628227657155946, 0.2891581964346331], [32.62820160131164, 0.2890694357102984], [32.62816452026546, 0.2889352868379105], [32.62815448201497, 0.28877391415813103], [32.62814244412601, 0.2886427969176155], [32.628124406826565, 0.2885903463252138], [32.628092339069795, 0.2884955328550273], [32.62805827264212, 0.28842895911742267], [32.628005170431784, 0.2883391824072772], [32.62786891459459, 0.2881555875312142], [32.6277827557147, 0.28806479373061794], [32.62770060611015, 0.28799215589975125], [32.62750725747432, 0.2878438466688634], [32.62743713136058, 0.2877934001065252], [32.62740106530167, 0.28775708181105863], [32.62728685878631, 0.28767031578358976], [32.62712256259344, 0.28754319325122946], [32.626974297129316, 0.28743624731750467], [32.626766920932546, 0.28726776247401253], [32.626650708624034, 0.28715275659233663], [32.62655052607589, 0.2870599421093691], [32.62647038102735, 0.2869994067364351], [32.62645434540135, 0.2869368722608585], [32.62642028471898, 0.2869146748376333], [32.62636218287022, 0.28689045367250854], [32.6261147472461, 0.2867865072081803], [32.62593844004087, 0.2867239312252527], [32.62584628012105, 0.28670776994467545], [32.62579018358127, 0.28669968625736936], [32.62570403360126, 0.28666739047888506], [32.625557777614205, 0.2866149066904116], [32.62528630672636, 0.28654927865160407], [32.625162092408196, 0.286525041717176]]], [[[32.66945658988714, 0.2742589760548165], [32.66897873428101, 0.275044529003108], [32.66809649590414, 0.2759003779726322], [32.6674068506043, 0.276587979693714], [32.667381110071084, 0.2766136440468246], [32.666784451966905, 0.27737497659890376], [32.66537724463366, 0.2788731398718611], [32.66470940725966, 0.2795865560200749], [32.66413688068336, 0.28022871187832255], [32.663540296485046, 0.2809661971977614], [32.66341926399592, 0.28168129551917764], [32.6635373421109, 0.28194399689198335], [32.66448657930492, 0.28251930049507984], [32.66517415557769, 0.2831414925854787], [32.66615743544685, 0.28425350583058107], [32.666607054402434, 0.28494651611810135], [32.666795298957986, 0.28559102035404105], [32.667220495607836, 0.2864985996374116], [32.6678803448527, 0.28843240310838664], [32.66805615991441, 0.28925574485194244], [32.66807640776089, 0.2904244089658977], [32.667739458937874, 0.291782767611512], [32.66745157353592, 0.2926404476490814], [32.66656738988875, 0.2941402188958721], [32.66647627684952, 0.2942894079995192], [32.666139771785765, 0.2946723411086626], [32.66536888323183, 0.2955592294445412], [32.664598001266214, 0.29622438806004925], [32.664102434095824, 0.2966401121411319], [32.66424005902582, 0.29758245936715405], [32.664333975146555, 0.2985209502526945], [32.664418955711, 0.29937014417328917], [32.66455658560624, 0.30017391107567576], [32.66510717315627, 0.3010885552038948], [32.66527235271315, 0.30128257110312867], [32.66516457896185, 0.30242142852757764], [32.664951581994714, 0.3028015243203866], [32.66425364353576, 0.303527532401593], [32.664115950040014, 0.30480246212409084], [32.6636891938086, 0.3057309339316741], [32.66330373381738, 0.30664554846974834], [32.662642962641854, 0.30764330139496526], [32.662229980254985, 0.3083084711010941], [32.662395142022326, 0.3090290906462635], [32.66269796903139, 0.3093894075407975], [32.66396898283168, 0.3105690776030401], [32.664459889932886, 0.311024706479325], [32.664781518953035, 0.3113070707250493], [32.66618052031901, 0.31253528065183545], [32.666455815709384, 0.31292331287781777], [32.66708899148105, 0.31400425606209353], [32.66723129743003, 0.314354848550107], [32.6674859117395, 0.31468277150444846], [32.66778545646058, 0.31545574108395485], [32.667880771813564, 0.31582443552321726], [32.667875871441346, 0.3174448072442984], [32.66778880421045, 0.31872047084924215], [32.66757180596375, 0.319721461804013], [32.66737865205895, 0.32069867203632524], [32.66713881479711, 0.3213895586486791], [32.666887785560085, 0.3218538397446818], [32.66840781723987, 0.3223593596392012], [32.67386804167133, 0.32497575783797034], [32.680432505163765, 0.3280129212380681], [32.685596672655706, 0.330258737447509], [32.685819082299396, 0.3274690737378473], [32.685857670472394, 0.3270752859966422], [32.6860153320803, 0.32546635824033276], [32.686140380579126, 0.3232692393443493], [32.68616597449615, 0.32281956562704617], [32.6863185689458, 0.3195288575115241], [32.68660324810204, 0.31579734777578417], [32.68665952473857, 0.31291177429949335], [32.68687727737075, 0.30772525586690147], [32.68693669792239, 0.3056723580219541], [32.68702326371643, 0.3026816177282546], [32.687170090894085, 0.30129882053714435], [32.687437114490024, 0.29554007298746965], [32.68770161864221, 0.2906160400334881], [32.687735607449476, 0.28983835962597104], [32.68775268680819, 0.2894475882945119], [32.68762283090427, 0.2891490790609736], [32.687006506369364, 0.2885509486948247], [32.68553581534837, 0.28744936139882027], [32.68332891157535, 0.2860831660916123], [32.68255207199331, 0.28562748425974194], [32.68112180353829, 0.2847885099243726], [32.679176211690965, 0.2834946664546479], [32.67577112402265, 0.28132583403152134], [32.674916843233746, 0.2807985225831615], [32.673826324010406, 0.2797696538226241], [32.67275994401104, 0.2786216107015696], [32.671883974560835, 0.2774026068574501], [32.67054595730177, 0.2756694323873323], [32.66946902438901, 0.27427507589329597], [32.66945658988714, 0.2742589760548165]]]]}}]}